longitude,latitude,elevation,title,place_description,sig,mag,magType,time,updated,country_code,sig_class
121.279,-8.3232,35.0,"M 4.6 - 71 km NW of Ende, Indonesia","71 km NW of Ende, Indonesia",326,4.6,mb,2026-08-18 23:59:16.815,2026-08-19 04:51:30.040,ID,Moderate
-148.851,62.926,64.7,"M 2.7 - 52 km S of Cantwell, Alaska","52 km S of Cantwell, Alaska",112,2.7,ml,2026-08-18 23:59:09.590,2026-08-19 05:54:40.173,US,Moderate
-155.4816741943,19.169834137,29.8600006104,"M 2.4 - 3 km S of Pāhala, Hawaii","3 km S of Pāhala, Hawaii",88,2.39,md,2026-08-18 23:58:32.890,2026-08-19 00:02:14.450,US,Low
-122.8000030518,38.8346672058,0.8799999952,"M 0.7 - 7 km WNW of Cobb, CA","7 km WNW of Cobb, CA",8,0.72,md,2026-08-18 23:57:03.920,2026-08-18 23:58:38.314,US,Low
-122.8075027466,38.8153343201,3.4500000477,"M 0.7 - 6 km NW of The Geysers, CA","6 km NW of The Geysers, CA",7,0.67,md,2026-08-18 23:56:45.760,2026-08-18 23:58:23.449,US,Low
-177.8296,-20.0951,508.722,"M 4.2 - 289 km WNW of Houma, Tonga","289 km WNW of Houma, Tonga",271,4.2,mb,2026-08-18 23:53:51.785,2026-08-19 04:37:07.040,TO,Moderate
-147.776,61.93,35.3,"M 1.5 - 15 km NNW of Glacier View, Alaska","15 km NNW of Glacier View, Alaska",35,1.5,ml,2026-08-18 23:53:06.381,2026-08-19 05:50:26.252,US,Low
-121.1804962158,36.560333252,2.2599999905,"M 1.7 - 5 km NW of Pinnacles, CA","5 km NW of Pinnacles, CA",45,1.71,md,2026-08-18 23:52:57.600,2026-08-19 01:32:23.072,US,Low
-66.7373333333,17.989,14.1,"M 2.3 - 2 km WSW of Tallaboa, Puerto Rico","2 km WSW of Tallaboa, Puerto Rico",84,2.33,md,2026-08-18 23:52:50.690,2026-08-19 00:35:57.070,PR,Low
-122.8003311157,38.8380012512,1.6100000143,"M 1.1 - 7 km WNW of Cobb, CA","7 km WNW of Cobb, CA",17,1.06,md,2026-08-18 23:48:05.780,2026-08-18 23:49:43.460,US,Low
-103.354,31.186,7.6636,"M 1.5 - 26 km SE of Lindsay, Texas","26 km SE of Lindsay, Texas",35,1.5,ml,2026-08-18 23:43:54.573,2026-08-19 15:21:30.443,US,Low
-154.338,61.841,1.6,"M 1.8 - 79 km NE of Lime Village, Alaska","79 km NE of Lime Village, Alaska",50,1.8,ml,2026-08-18 23:41:17.648,2026-08-19 05:48:37.687,US,Low
-119.5248333333,48.8081666667,17.92,"M 2.2 - 8 km E of Loomis, Washington","8 km E of Loomis, Washington",72,2.16,ml,2026-08-18 23:34:58.810,2026-08-19 04:20:19.910,US,Low
-155.5101623535,19.1603336334,27.8099994659,"M 1.9 - 5 km SW of Pāhala, Hawaii","5 km SW of Pāhala, Hawaii",56,1.9,md,2026-08-18 23:34:57.360,2026-08-18 23:38:29.180,US,Low
-123.11,46.1886666667,21.74,"M 0.7 - 8 km WNW of West Longview, Washington","8 km WNW of West Longview, Washington",8,0.74,md,2026-08-18 23:31:25.320,2026-08-19 18:03:22.800,US,Low
-122.8174972534,38.8316650391,1.8799999952,"M 0.9 - 8 km NW of The Geysers, CA","8 km NW of The Geysers, CA",12,0.9,md,2026-08-18 23:14:42.950,2026-08-18 23:16:19.326,US,Low
-121.1793365479,36.5548324585,1.5299999714,"M 1.7 - 4 km NW of Pinnacles, CA","4 km NW of Pinnacles, CA",42,1.66,md,2026-08-18 23:08:45.490,2026-08-19 02:52:23.542,US,Low
-123.1128311157,39.2270011902,5.6100001335,"M 1.4 - 9 km ESE of Redwood Valley, CA","9 km ESE of Redwood Valley, CA",31,1.43,md,2026-08-18 23:07:07.370,2026-08-19 02:27:20.388,US,Low
-118.078,40.2341,9.0093,"M 1.6 Explosion - 34 km E of Lovelock, Nevada","34 km E of Lovelock, Nevada",40,1.61,ml,2026-08-18 23:06:02.094,2026-08-19 00:46:51.071,US,Low
-116.7793333333,33.292,14.08,"M 0.5 - 6 km NNW of Lake Henshaw, CA","6 km NNW of Lake Henshaw, CA",3,0.47,ml,2026-08-18 22:59:17.420,2026-08-18 23:47:58.887,US,Low
-122.8150024414,38.8328323364,1.9099999666,"M 0.9 - 8 km NW of The Geysers, CA","8 km NW of The Geysers, CA",13,0.91,md,2026-08-18 22:56:05.580,2026-08-18 23:57:21.490,US,Low
-172.755,50.766,20.0,"M 3.0 - 188 km SSE of Atka, Alaska","188 km SSE of Atka, Alaska",138,3.0,ml,2026-08-18 22:54:29.906,2026-08-19 06:33:10.152,US,Moderate
-116.6863333333,32.5621666667,-0.83,"M 1.0 Quarry Blast - 5 km W of Tecate, B.C., MX","5 km W of Tecate, B.C., MX",14,0.97,ml,2026-08-18 22:53:16.490,2026-08-19 00:03:23.693,MX,Low
-123.1898345947,39.3346672058,8.6199998856,"M 1.3 - 8 km N of Redwood Valley, CA","8 km N of Redwood Valley, CA",24,1.25,md,2026-08-18 22:52:04.790,2026-08-19 01:32:24.073,US,Low
-146.758,62.023,36.7,"M 1.4 - 3 km N of Nelchina, Alaska","3 km N of Nelchina, Alaska",30,1.4,ml,2026-08-18 22:47:14.137,2026-08-19 06:31:28.344,US,Low
-122.814666748,38.827835083,2.1300001144,"M 0.7 - 8 km NW of The Geysers, CA","8 km NW of The Geysers, CA",7,0.67,md,2026-08-18 22:47:08.640,2026-08-18 23:32:22.317,US,Low
-118.254,34.1083333333,11.96,"M 0.8 - 2 km NNE of Silver Lake, CA","2 km NNE of Silver Lake, CA",11,0.83,ml,2026-08-18 22:45:13.060,2026-08-18 23:42:09.749,US,Low
-175.992,51.344,18.0,"M 2.2 - 73 km SE of Adak, Alaska","73 km SE of Adak, Alaska",74,2.2,ml,2026-08-18 22:34:49.938,2026-08-19 06:29:38.185,US,Low
-117.0265,33.8476666667,13.89,"M 1.1 - 9 km NW of San Jacinto, CA","9 km NW of San Jacinto, CA",20,1.14,ml,2026-08-18 22:27:44.820,2026-08-18 23:37:52.866,US,Low
120.4458,-8.179,35.0,"M 4.6 - 47 km N of Ruteng, Indonesia","47 km N of Ruteng, Indonesia",326,4.6,mb,2026-08-18 22:26:55.404,2026-08-19 04:23:52.040,ID,Moderate
-112.7998333333,36.7816666667,18.1,"M 1.4 - 13 km SSW of Kaibab, Arizona","13 km SSW of Kaibab, Arizona",31,1.43,ml,2026-08-18 22:25:59.170,2026-08-19 13:19:55.090,US,Low
-155.3128333333,19.197,40.67,"M 1.8 - 17 km E of Pāhala, Hawaii","17 km E of Pāhala, Hawaii",50,1.8,ml,2026-08-18 22:02:01.020,2026-08-19 01:25:01.250,US,Low
-151.007,61.686,74.9,"M 2.2 - 30 km WNW of Susitna, Alaska","30 km WNW of Susitna, Alaska",75,2.2,ml,2026-08-18 22:00:08.775,2026-08-19 06:29:18.497,US,Low
95.4104,37.758,10.0,"M 4.5 - 274 km SSE of Dunhuang, China","274 km SSE of Dunhuang, China",312,4.5,mb,2026-08-18 21:59:55.525,2026-08-19 04:16:11.040,CN,Moderate
-118.6924972534,37.3466682434,17.4599990845,"M 2.5 - 11 km SW of Round Valley, CA","11 km SW of Round Valley, CA",99,2.54,md,2026-08-18 21:54:59.120,2026-08-19 00:12:22.597,US,Low
-122.9308319092,38.7643318176,4.7199997902,"M 1.0 - 9 km ESE of Cloverdale, CA","9 km ESE of Cloverdale, CA",14,0.97,md,2026-08-18 21:42:48.310,2026-08-18 22:27:22.885,US,Low
-118.25,34.1041666667,11.46,"M 1.3 - 2 km NE of Silver Lake, CA","2 km NE of Silver Lake, CA",27,1.33,ml,2026-08-18 21:40:44.610,2026-08-18 23:54:17.364,US,Low
95.6095,37.8208,6.0,"M 5.9 - 270 km WSW of Yanglong, China","270 km WSW of Yanglong, China",650,5.9,mb,2026-08-18 21:36:28.032,2026-08-19 21:44:24.087,CN,High
-116.8936666667,32.779,-0.26,"M 1.4 Quarry Blast - 5 km SE of Bostonia, CA","5 km SE of Bostonia, CA",32,1.44,ml,2026-08-18 21:30:34.840,2026-08-18 23:34:20.264,US,Low
-116.7375,33.2881666667,13.54,"M 0.5 - 6 km NNE of Lake Henshaw, CA","6 km NNE of Lake Henshaw, CA",4,0.49,ml,2026-08-18 21:29:46.020,2026-08-18 23:59:35.355,US,Low
-155.2396666667,19.3533333333,29.52,"M 1.8 - 9 km S of Volcano, Hawaii","9 km S of Volcano, Hawaii",47,1.75,ml,2026-08-18 21:29:14.230,2026-08-19 01:37:03.610,US,Low
-114.9955,39.2378,0.0,"M 1.9 Explosion - 4 km S of Ruth, Nevada","4 km S of Ruth, Nevada",56,1.9,ml,2026-08-18 21:20:59.385,2026-08-18 21:35:38.385,US,Low
-120.4983333333,49.3515,-0.51,"M 1.8 Explosion - 11 km S of Princeton, Canada","11 km S of Princeton, Canada",47,1.75,ml,2026-08-18 21:19:53.360,2026-08-19 17:59:18.790,CA,Low
-155.3545,58.1728333333,-0.3,"M -0.2 - 85 km NW of Karluk, Alaska","85 km NW of Karluk, Alaska",0,-0.23,ml,2026-08-18 21:17:22.740,2026-08-19 02:01:08.820,US,Low
-122.9085006714,38.8175010681,1.7300000191,"M 0.9 - 10 km E of Cloverdale, CA","10 km E of Cloverdale, CA",12,0.9,md,2026-08-18 21:16:21.560,2026-08-18 21:17:59.196,US,Low
-122.7958297729,38.8236656189,2.7599999905,"M 0.8 - 6 km NNW of The Geysers, CA","6 km NNW of The Geysers, CA",11,0.83,md,2026-08-18 21:13:22.940,2026-08-18 21:14:59.505,US,Low
-152.38,59.159,61.1,"M 2.2 - 34 km SW of Nanwalek, Alaska","34 km SW of Nanwalek, Alaska",74,2.2,ml,2026-08-18 21:12:42.835,2026-08-19 06:18:08.738,US,Low
121.4255,-8.1867,35.0,"M 4.7 - 77 km NNW of Ende, Indonesia","77 km NNW of Ende, Indonesia",340,4.7,mb,2026-08-18 21:11:40.773,2026-08-19 03:16:44.040,ID,Moderate
-173.391,51.346,1.2,"M 2.9 - 109 km SSE of Atka, Alaska","109 km SSE of Atka, Alaska",129,2.9,ml,2026-08-18 21:06:17.607,2026-08-19 06:12:55.186,US,Moderate
-150.11,61.332,38.1,"M 2.9 - 7 km WSW of Point MacKenzie, Alaska","7 km WSW of Point MacKenzie, Alaska",132,2.9,ml,2026-08-18 20:56:40.138,2026-08-18 23:55:37.954,US,Moderate
-150.649,63.577,3.6,"M 2.0 - 53 km E of Denali National Park, Alaska","53 km E of Denali National Park, Alaska",62,2.0,ml,2026-08-18 20:54:00.570,2026-08-19 06:11:48.406,US,Low
-172.036,52.147,10.0,"M 2.8 - 148 km E of Atka, Alaska","148 km E of Atka, Alaska",121,2.8,ml,2026-08-18 20:46:24.164,2026-08-19 06:24:37.661,US,Moderate
-101.995,31.958,6.665,"M 0.7 - 8 km ESE of Midland, Texas","8 km ESE of Midland, Texas",8,0.7,ml,2026-08-18 20:42:20.004,2026-08-19 18:06:59.540,US,Low
-122.8606643677,38.8201675415,2.25,"M 0.8 - 10 km WNW of The Geysers, CA","10 km WNW of The Geysers, CA",9,0.78,md,2026-08-18 20:41:40.710,2026-08-18 21:37:20.567,US,Low
-122.0416666667,46.1021666667,12.25,"M 0.9 - 37 km NE of Amboy, Washington","37 km NE of Amboy, Washington",14,0.94,md,2026-08-18 20:38:28.380,2026-08-18 22:03:11.170,US,Low
-146.398,61.594,23.5,"M 2.1 - 48 km SSE of Nelchina, Alaska","48 km SSE of Nelchina, Alaska",68,2.1,ml,2026-08-18 20:37:58.810,2026-08-19 06:09:47.014,US,Low
-117.5008333333,33.872,-0.53,"M 0.9 Quarry Blast - 2 km ESE of Home Gardens, CA","2 km ESE of Home Gardens, CA",12,0.87,ml,2026-08-18 20:37:13.370,2026-08-19 19:44:17.875,US,Low
-158.755,55.588,54.5,"M 2.1 - 43 km SE of Perryville, Alaska","43 km SE of Perryville, Alaska",68,2.1,ml,2026-08-18 20:33:00.798,2026-08-19 06:21:59.779,US,Low
-122.8075027466,38.8300018311,1.9900000095,"M 0.8 - 7 km NW of The Geysers, CA","7 km NW of The Geysers, CA",9,0.76,md,2026-08-18 20:30:32.990,2026-08-18 21:12:21.421,US,Low
-115.4593333333,33.3116666667,8.96,"M 2.4 - 10 km NE of Niland, CA","10 km NE of Niland, CA",90,2.42,ml,2026-08-18 20:25:38.330,2026-08-19 19:38:08.820,US,Low
-177.366,51.323,45.9,"M 2.1 - 79 km SW of Adak, Alaska","79 km SW of Adak, Alaska",68,2.1,ml,2026-08-18 20:16:10.908,2026-08-19 06:20:42.810,US,Low
121.2814,-8.306,56.415,"M 4.8 - 72 km NW of Ende, Indonesia","72 km NW of Ende, Indonesia",354,4.8,mb,2026-08-18 20:15:46.995,2026-08-18 20:32:14.040,ID,Moderate
-101.976,31.962,5.2979,"M 0.5 - 10 km ESE of Midland, Texas","10 km ESE of Midland, Texas",4,0.5,ml,2026-08-18 20:10:08.439,2026-08-19 21:07:58.180,US,Low
-118.3341666667,35.0608333333,-1.01,"M 1.0 Quarry Blast - 13 km SE of Tehachapi, CA","13 km SE of Tehachapi, CA",15,0.98,ml,2026-08-18 20:08:30.730,2026-08-18 20:55:46.947,US,Low
-155.58,57.389,14.5,"M 1.7 - 70 km WSW of Karluk, Alaska","70 km WSW of Karluk, Alaska",44,1.7,ml,2026-08-18 20:04:59.519,2026-08-19 06:08:09.004,US,Low
-104.1,31.613,6.7023,"M 1.6 - 44 km NW of Toyah, Texas","44 km NW of Toyah, Texas",39,1.6,ml,2026-08-18 20:04:14.532,2026-08-19 14:55:43.258,US,Low
70.7551,36.5535,195.937,"M 5.3 - 35 km SSW of Jurm, Afghanistan","35 km SSW of Jurm, Afghanistan",433,5.3,mww,2026-08-18 19:51:09.478,2026-08-18 20:18:07.405,AF,Moderate
-117.8131666667,35.3265,7.2,"M 1.0 - 17 km WSW of Johannesburg, CA","17 km WSW of Johannesburg, CA",16,1.02,ml,2026-08-18 19:49:03.820,2026-08-18 20:13:35.693,US,Low
-96.792,34.37483333,0.0,"M 1.3 Quarry Blast - 4 km SE of Mill Creek, Oklahoma","4 km SE of Mill Creek, Oklahoma",26,1.29,ml,2026-08-18 19:42:31.960,2026-08-19 16:30:10.781,US,Low
-101.815,32.0,4.9072,"M 0.8 - 14 km S of Stanton, Texas","14 km S of Stanton, Texas",10,0.8,ml,2026-08-18 19:38:19.911,2026-08-19 20:28:10.338,US,Low
-117.2275,34.0216666667,15.35,"M 0.9 - 4 km SE of Loma Linda, CA","4 km SE of Loma Linda, CA",12,0.9,ml,2026-08-18 19:36:56.960,2026-08-18 20:07:32.843,US,Low
-104.127,31.539,8.5608,"M 1.6 - 40 km NW of Toyah, Texas","40 km NW of Toyah, Texas",39,1.6,ml,2026-08-18 19:31:40.181,2026-08-19 14:50:23.681,US,Low
-102.025,31.929,3.5889,"M 1.2 - 9 km SSE of Midland, Texas","9 km SSE of Midland, Texas",22,1.2,ml,2026-08-18 19:29:12.622,2026-08-19 15:27:45.574,US,Low
-155.2561666667,58.1766666667,1.63,"M -0.9 - 82 km NW of Karluk, Alaska","82 km NW of Karluk, Alaska",0,-0.92,ml,2026-08-18 19:26:04.440,2026-08-19 01:43:37.870,US,Low
-111.4126666667,42.3773333333,5.62,"M 1.8 - 7 km WSW of Bennington, Idaho","7 km WSW of Bennington, Idaho",49,1.78,ml,2026-08-18 19:22:22.070,2026-08-18 20:41:26.420,US,Low
-160.398,54.502,10.0,"M 2.4 - 93 km S of Sand Point, Alaska","93 km S of Sand Point, Alaska",89,2.4,ml,2026-08-18 19:17:59.522,2026-08-19 06:06:28.173,US,Low
-117.713,35.9253333333,2.81,"M 1.1 - 17 km E of Little Lake, CA","17 km E of Little Lake, CA",17,1.05,ml,2026-08-18 19:17:25.780,2026-08-18 19:53:43.307,US,Low
-116.7453333333,33.2903333333,12.22,"M 0.9 - 6 km NNE of Lake Henshaw, CA","6 km NNE of Lake Henshaw, CA",13,0.92,ml,2026-08-18 19:13:16.810,2026-08-18 19:51:38.640,US,Low
-150.174,60.762,49.3,"M 2.9 - 33 km ESE of Point Possession, Alaska","33 km ESE of Point Possession, Alaska",129,2.9,ml,2026-08-18 19:03:12.652,2026-08-19 06:02:46.952,US,Moderate
121.2432,-8.2942,10.0,"M 4.9 - 76 km NW of Ende, Indonesia","76 km NW of Ende, Indonesia",369,4.9,mww,2026-08-18 19:03:07.854,2026-08-18 19:45:00.040,ID,Moderate
-110.5795,44.3428333333,3.56,"M 0.9 - 54 km SE of West Yellowstone, Montana","54 km SE of West Yellowstone, Montana",12,0.89,ml,2026-08-18 19:01:51.700,2026-08-18 20:34:01.580,US,Low
-122.8056640625,38.8361663818,2.1900000572,"M 0.7 - 7 km WNW of Cobb, CA","7 km WNW of Cobb, CA",8,0.74,md,2026-08-18 18:52:47.370,2026-08-18 19:42:22.837,US,Low
-151.893,61.177,99.1,"M 1.9 - 42 km WNW of Tyonek, Alaska","42 km WNW of Tyonek, Alaska",56,1.9,ml,2026-08-18 18:52:04.361,2026-08-19 06:05:15.047,US,Low
-155.488494873,19.1525001526,27.7299995422,"M 2.2 - 5 km S of Pāhala, Hawaii","5 km S of Pāhala, Hawaii",75,2.21,md,2026-08-18 18:49:24.190,2026-08-18 18:53:04.120,US,Low
-110.5928333333,44.348,5.04,"M 1.3 - 53 km SE of West Yellowstone, Montana","53 km SE of West Yellowstone, Montana",24,1.26,ml,2026-08-18 18:46:24.520,2026-08-18 20:29:33.530,US,Low
-176.15,51.002,9.2,"M 2.4 - 102 km SSE of Adak, Alaska","102 km SSE of Adak, Alaska",89,2.4,ml,2026-08-18 18:31:03.022,2026-08-19 05:57:37.134,US,Low
-117.8163333333,35.3125,9.8,"M 1.0 - 18 km WSW of Johannesburg, CA","18 km WSW of Johannesburg, CA",15,0.98,ml,2026-08-18 18:30:07.220,2026-08-18 18:50:30.317,US,Low
-117.7996666667,35.3225,7.22,"M 0.6 - 16 km WSW of Johannesburg, CA","16 km WSW of Johannesburg, CA",5,0.57,ml,2026-08-18 18:23:28.620,2026-08-18 19:14:16.210,US,Low
-122.2235031128,37.4131660461,4.4400000572,"M 1.5 - 3 km SE of Woodside, CA","3 km SE of Woodside, CA",36,1.54,md,2026-08-18 18:18:38.330,2026-08-18 21:17:28.451,US,Low
-115.3942,36.09,15.9523,"M 1.5 Explosion - 4 km N of Blue Diamond, Nevada","4 km N of Blue Diamond, Nevada",35,1.5,ml,2026-08-18 18:12:49.889,2026-08-18 19:41:37.443,US,Low
-116.6413333333,33.5863333333,14.42,"M 0.5 - 5 km NE of Anza, CA","5 km NE of Anza, CA",4,0.5,ml,2026-08-18 18:11:13.360,2026-08-18 18:59:27.238,US,Low
-119.013,39.3336,7.097,"M 2.5 - 20 km ESE of Silver Springs, Nevada","20 km ESE of Silver Springs, Nevada",99,2.54,ml,2026-08-18 18:00:14.145,2026-08-18 18:24:45.385,US,Low
-179.628,51.107,14.2,"M 2.8 - 224 km WSW of Adak, Alaska","224 km WSW of Adak, Alaska",121,2.8,ml,2026-08-18 17:59:02.797,2026-08-19 05:56:08.286,US,Moderate
-122.6575,38.5588333333,-0.53,"M 1.1 Quarry Blast - 7 km WSW of Calistoga, CA","7 km WSW of Calistoga, CA",19,1.1,md,2026-08-18 17:50:46.210,2026-08-18 20:21:17.387,US,Low
-116.469,33.4865,13.51,"M 0.9 - 20 km ESE of Anza, CA","20 km ESE of Anza, CA",13,0.92,ml,2026-08-18 17:45:14.480,2026-08-18 19:19:37.820,US,Low
-114.463,47.0246666667,14.3,"M 2.0 - 2 km NNE of Alberton, Montana","2 km NNE of Alberton, Montana",58,1.95,ml,2026-08-18 17:38:28.670,2026-08-19 18:20:45.350,US,Low
-153.87,59.875,164.6,"M 1.9 - 16 km NE of Pedro Bay, Alaska","16 km NE of Pedro Bay, Alaska",56,1.9,ml,2026-08-18 17:21:56.252,2026-08-19 05:42:18.729,US,Low
-122.2256698608,37.3953323364,2.7000000477,"M 1.9 - 2 km NE of Portola Valley, CA","2 km NE of Portola Valley, CA",58,1.94,md,2026-08-18 17:05:06.830,2026-08-18 20:07:22.990,US,Low
-116.8528333333,34.3376666667,-1.55,"M 1.0 Quarry Blast - 9 km N of Big Bear City, CA","9 km N of Big Bear City, CA",15,1.0,ml,2026-08-18 17:03:48.010,2026-08-18 18:55:36.337,US,Low
-150.814,61.78,62.1,"M 1.6 - 30 km NNW of Susitna, Alaska","30 km NNW of Susitna, Alaska",39,1.6,ml,2026-08-18 17:02:56.341,2026-08-19 05:39:16.472,US,Low
-152.327,59.394,72.2,"M 1.9 - 23 km W of Nanwalek, Alaska","23 km W of Nanwalek, Alaska",56,1.9,ml,2026-08-18 17:01:15.341,2026-08-19 05:37:20.831,US,Low
-120.4713333333,36.5456666667,10.48,"M 1.5 - 15 km WNW of Cantua Creek, CA","15 km WNW of Cantua Creek, CA",34,1.49,md,2026-08-18 17:00:59.650,2026-08-18 22:42:25.989,US,Low
-155.4753265381,19.1583328247,29.6100006104,"M 2.0 - 4 km S of Pāhala, Hawaii","4 km S of Pāhala, Hawaii",59,1.96,md,2026-08-18 16:56:59.120,2026-08-18 17:00:54.620,US,Low
-115.9435,32.9003333333,6.51,"M 0.8 - 19 km NNE of Ocotillo, CA","19 km NNE of Ocotillo, CA",9,0.77,ml,2026-08-18 16:49:31.980,2026-08-18 18:36:21.828,US,Low
-116.06,33.212,7.53,"M 0.9 - 10 km NE of Ocotillo Wells, CA","10 km NE of Ocotillo Wells, CA",12,0.9,ml,2026-08-18 16:49:14.400,2026-08-18 18:35:19.937,US,Low
-116.0491666667,33.207,10.06,"M 1.8 - 10 km NE of Ocotillo Wells, CA","10 km NE of Ocotillo Wells, CA",52,1.84,ml,2026-08-18 16:47:38.750,2026-08-18 18:31:08.180,US,Low
-119.0858333333,34.5071666667,16.54,"M 0.9 - 16 km ENE of Ojai, CA","16 km ENE of Ojai, CA",11,0.85,ml,2026-08-18 16:43:07.150,2026-08-18 18:04:17.568,US,Low
-103.241,32.01,6.1255,"M 2.0 - 12 km SSW of Jal, New Mexico","12 km SSW of Jal, New Mexico",62,2.0,ml,2026-08-18 16:42:04.017,2026-08-19 13:18:22.545,US,Low
-103.237,31.997,3.1574,"M 1.5 - 13 km SSW of Jal, New Mexico","13 km SSW of Jal, New Mexico",35,1.5,ml,2026-08-18 16:41:03.837,2026-08-18 19:11:22.502,US,Low
-103.243,32.004,4.9976,"M 1.6 - 12 km SSW of Jal, New Mexico","12 km SSW of Jal, New Mexico",39,1.6,ml,2026-08-18 16:39:15.007,2026-08-18 17:01:27.850,US,Low
-103.631,30.938,0.0,"M 1.7 - 12 km ESE of Balmorhea, Texas","12 km ESE of Balmorhea, Texas",44,1.7,ml,2026-08-18 16:34:25.869,2026-08-18 16:40:08.261,US,Low
-64.8475,19.0803333333,33.93,"M 3.4 - 82 km N of Charlotte Amalie, U.S. Virgin Islands","82 km N of Charlotte Amalie, U.S. Virgin Islands",180,3.42,md,2026-08-18 16:33:26.390,2026-08-18 17:01:10.040,VG,Moderate
-103.238,32.013,6.3562,"M 2.1 - 11 km SSW of Jal, New Mexico","11 km SSW of Jal, New Mexico",68,2.1,ml,2026-08-18 16:33:09.459,2026-08-19 13:05:01.911,US,Low
-154.5785,58.0963333333,4.32,"M 0.6 - 59 km N of Karluk, Alaska","59 km N of Karluk, Alaska",6,0.62,ml,2026-08-18 16:30:13.170,2026-08-19 01:28:37.850,US,Low
-66.8596666667,18.1868333333,8.23,"M 2.2 - 12 km S of Lares, Puerto Rico","12 km S of Lares, Puerto Rico",75,2.21,md,2026-08-18 16:21:27.830,2026-08-18 16:47:53.220,PR,Low
-117.6901666667,33.8915,10.06,"M 0.6 - 11 km E of Yorba Linda, CA","11 km E of Yorba Linda, CA",6,0.62,ml,2026-08-18 16:21:27.670,2026-08-18 18:53:18.385,US,Low
-117.6906666667,33.89,8.91,"M 0.7 - 11 km E of Yorba Linda, CA","11 km E of Yorba Linda, CA",7,0.68,ml,2026-08-18 16:21:22.440,2026-08-18 18:16:22.184,US,Low
-122.7851638794,38.8376655579,1.8999999762,"M 0.7 - 6 km WNW of Cobb, CA","6 km WNW of Cobb, CA",8,0.7,md,2026-08-18 16:18:27.360,2026-08-18 16:20:04.120,US,Low
-149.705,64.439,8.4,"M 1.6 - 27 km WNW of Anderson, Alaska","27 km WNW of Anderson, Alaska",39,1.6,ml,2026-08-18 16:14:31.217,2026-08-19 05:34:14.779,US,Low
-122.8024978638,38.8371658325,2.1199998856,"M 0.7 - 7 km WNW of Cobb, CA","7 km WNW of Cobb, CA",8,0.74,md,2026-08-18 16:08:08.510,2026-08-18 17:07:20.777,US,Low
-122.8041687012,38.8344993591,2.0099999905,"M 1.6 - 7 km W of Cobb, CA","7 km W of Cobb, CA",38,1.58,md,2026-08-18 16:07:51.290,2026-08-18 18:42:22.422,US,Low
-176.1848333333,52.07,2.92,"M 0.7 - 37 km NE of Adak, Alaska","37 km NE of Adak, Alaska",8,0.7,ml,2026-08-18 16:05:27.570,2026-08-19 01:12:34.990,US,Low
-116.4648333333,33.4871666667,14.16,"M 0.8 - 21 km ESE of Anza, CA","21 km ESE of Anza, CA",9,0.76,ml,2026-08-18 16:03:55.970,2026-08-18 19:30:21.481,US,Low
-123.2238311768,40.8656654358,28.0799999237,"M 2.6 - 28 km WNW of Weaverville, CA","28 km WNW of Weaverville, CA",105,2.61,md,2026-08-18 15:59:17.630,2026-08-18 18:17:27.267,US,Moderate
-116.9008333333,33.4288333333,10.87,"M 0.8 - 4 km WSW of Aguanga, CA","4 km WSW of Aguanga, CA",9,0.75,ml,2026-08-18 15:56:58.140,2026-08-18 18:51:33.263,US,Low
-158.0836666667,56.8498333333,12.98,"M 0.6 - 64 km NNE of Chignik, Alaska","64 km NNE of Chignik, Alaska",5,0.58,ml,2026-08-18 15:52:13.880,2026-08-19 01:02:03.390,US,Low
-118.2578333333,34.1088333333,10.95,"M 1.0 - 2 km NNE of Silver Lake, CA","2 km NNE of Silver Lake, CA",14,0.97,ml,2026-08-18 15:45:01.430,2026-08-18 16:00:55.712,US,Low
-116.8225,34.331,6.69,"M 1.1 - 8 km NNE of Big Bear City, CA","8 km NNE of Big Bear City, CA",17,1.06,ml,2026-08-18 15:44:31.040,2026-08-18 16:45:28.990,US,Low
-95.83216667,36.236,0.0,"M 1.4 Quarry Blast - 4 km SSE of Owasso, Oklahoma","4 km SSE of Owasso, Oklahoma",30,1.39,ml,2026-08-18 15:44:07.589,2026-08-19 16:21:17.113,US,Low
-103.145,31.352,0.0,"M 1.6 - 14 km NNW of Coyanosa, Texas","14 km NNW of Coyanosa, Texas",39,1.6,ml,2026-08-18 15:41:09.053,2026-08-18 16:00:09.337,US,Low
-122.8343353271,38.8366661072,1.3099999428,"M 0.7 - 9 km NW of The Geysers, CA","9 km NW of The Geysers, CA",7,0.66,md,2026-08-18 15:31:48.900,2026-08-18 16:12:23.409,US,Low
-117.2186666667,34.0213333333,3.43,"M 1.7 - 5 km SE of Loma Linda, CA","5 km SE of Loma Linda, CA",42,1.66,ml,2026-08-18 15:20:34.570,2026-08-18 16:24:00.168,US,Low
-116.5416,38.4441,0.3879,"M 1.6 - 73 km NE of Tonopah, Nevada","73 km NE of Tonopah, Nevada",40,1.62,ml,2026-08-18 15:16:35.660,2026-08-18 15:19:03.604,US,Low
-116.513,38.4339,5.1162,"M 1.7 - 74 km ENE of Tonopah, Nevada","74 km ENE of Tonopah, Nevada",46,1.72,ml,2026-08-18 15:14:11.096,2026-08-18 18:05:33.062,US,Low
-116.5121,38.4421,6.125,"M 2.8 - 75 km ENE of Tonopah, Nevada","75 km ENE of Tonopah, Nevada",118,2.77,ml,2026-08-18 15:12:03.666,2026-08-18 16:27:27.361,US,Moderate
-150.115,62.186,8.7,"M 1.7 - 14 km W of Susitna North, Alaska","14 km W of Susitna North, Alaska",44,1.7,ml,2026-08-18 15:10:28.435,2026-08-19 05:31:40.811,US,Low
-159.625,55.38,5.9,"M 2.1 - 55 km E of Sand Point, Alaska","55 km E of Sand Point, Alaska",68,2.1,ml,2026-08-18 15:07:16.568,2026-08-19 05:46:41.080,US,Low
-116.7095,33.6971666667,17.47,"M 0.7 - 5 km S of Idyllwild, CA","5 km S of Idyllwild, CA",8,0.73,ml,2026-08-18 15:01:11.330,2026-08-18 18:57:55.253,US,Low
-124.9888305664,40.3638343811,0.6999999881,"M 2.7 - 60 km W of Petrolia, CA","60 km W of Petrolia, CA",113,2.71,md,2026-08-18 14:59:46.750,2026-08-18 17:07:21.777,US,Moderate
-117.1646666667,33.984,10.88,"M 0.4 - 8 km SSE of Redlands, CA","8 km SSE of Redlands, CA",2,0.38,ml,2026-08-18 14:43:20.260,2026-08-18 15:38:13.520,US,Low
-118.2563333333,34.0986666667,11.47,"M 0.7 - 1 km NE of Silver Lake, CA","1 km NE of Silver Lake, CA",8,0.74,ml,2026-08-18 14:43:16.280,2026-08-18 15:31:40.023,US,Low
-122.7848358154,38.8373336792,1.4400000572,"M 1.1 - 6 km WNW of Cobb, CA","6 km WNW of Cobb, CA",18,1.09,md,2026-08-18 14:38:25.830,2026-08-18 15:17:26.025,US,Low
-101.759,32.418,6.1768,"M 0.9 - 12 km SSW of Ackerly, Texas","12 km SSW of Ackerly, Texas",12,0.9,ml,2026-08-18 14:37:01.715,2026-08-18 15:22:36.206,US,Low
-173.727,51.468,20.0,"M 2.6 - 87 km SSE of Atka, Alaska","87 km SSE of Atka, Alaska",104,2.6,ml,2026-08-18 14:36:16.787,2026-08-19 05:45:07.300,US,Moderate
-122.7681655884,38.7818336487,1.2100000381,"M 1.1 - 1 km WNW of The Geysers, CA","1 km WNW of The Geysers, CA",20,1.14,md,2026-08-18 14:34:08.070,2026-08-18 16:47:24.648,US,Low
-115.6168333333,32.7313333333,9.89,"M 1.2 - 8 km W of Heber, CA","8 km W of Heber, CA",22,1.19,ml,2026-08-18 14:21:00.950,2026-08-18 15:45:31.236,US,Low
-122.8201675415,38.8451652527,0.6499999762,"M 1.0 - 9 km WNW of Cobb, CA","9 km WNW of Cobb, CA",16,1.03,md,2026-08-18 14:19:24.710,2026-08-18 14:42:20.791,US,Low
-155.405,19.2703333333,28.54,"M 2.6 - 10 km NE of Pāhala, Hawaii","10 km NE of Pāhala, Hawaii",106,2.62,ml,2026-08-18 14:18:38.540,2026-08-18 18:02:05.420,US,Moderate
-165.137,53.43,21.4,"M 2.2 - 88 km SSE of Akutan, Alaska","88 km SSE of Akutan, Alaska",74,2.2,ml,2026-08-18 14:17:12.861,2026-08-19 05:29:31.669,US,Low
76.6142,32.5029,45.866,"M 4.3 - 39 km WSW of Kyelang, India","39 km WSW of Kyelang, India",284,4.3,mb,2026-08-18 14:10:03.059,2026-08-18 15:31:40.040,IN,Moderate
-117.5365,35.7428333333,7.1,"M 0.6 - 12 km WSW of Searles Valley, CA","12 km WSW of Searles Valley, CA",5,0.56,ml,2026-08-18 14:08:57.500,2026-08-18 17:37:49.211,US,Low
-122.1965026855,37.3321647644,8.8299999237,"M 1.7 - 7 km SSE of Portola Valley, CA","7 km SSE of Portola Valley, CA",46,1.73,md,2026-08-18 14:04:54.630,2026-08-18 16:22:21.474,US,Low
-178.8091666667,51.7821666667,4.79,"M 0.6 - 150 km W of Adak, Alaska","150 km W of Adak, Alaska",6,0.62,ml,2026-08-18 13:59:14.220,2026-08-18 21:22:20.390,US,Low
-136.04,56.699,25.0,"M 1.9 - 58 km SW of Sitka, Alaska","58 km SW of Sitka, Alaska",56,1.9,ml,2026-08-18 13:58:04.076,2026-08-19 05:27:49.236,US,Low
-103.597,31.133,0.0,"M 1.6 - 21 km NE of Balmorhea, Texas","21 km NE of Balmorhea, Texas",39,1.6,ml,2026-08-18 13:49:10.176,2026-08-18 13:51:19.986,US,Low
-154.936,57.328,56.7,"M 2.3 - 39 km SW of Karluk, Alaska","39 km SW of Karluk, Alaska",81,2.3,ml,2026-08-18 13:47:38.550,2026-08-19 05:27:03.569,US,Low
-155.3186666667,19.3253333333,30.32,"M 2.0 - 15 km SW of Volcano, Hawaii","15 km SW of Volcano, Hawaii",61,1.99,ml,2026-08-18 13:45:44.030,2026-08-18 18:22:36.880,US,Low
-98.997,28.814,7.0205,"M 2.1 - 12 km SE of Pearsall, Texas","12 km SE of Pearsall, Texas",68,2.1,ml,2026-08-18 13:43:10.364,2026-08-18 14:37:47.944,US,Low
176.9364,51.9189,10.0,"M 3.2 - 275 km ESE of Attu Station, Alaska","275 km ESE of Attu Station, Alaska",158,3.2,ml,2026-08-18 13:40:35.124,2026-08-18 18:25:31.040,RU,Moderate
-123.2304992676,39.357334137,7.2600002289,"M 1.5 - 10 km NNW of Redwood Valley, CA","10 km NNW of Redwood Valley, CA",33,1.47,md,2026-08-18 13:33:00.560,2026-08-18 15:57:22.303,US,Low
-115.7519,36.7233,4.1451,"M 1.6 - 18 km NNW of Indian Springs, Nevada","18 km NNW of Indian Springs, Nevada",39,1.6,ml,2026-08-18 13:26:35.015,2026-08-18 19:16:03.678,US,Low
-98.988,28.815,7.5829,"M 2.0 - 13 km SE of Pearsall, Texas","13 km SE of Pearsall, Texas",62,2.0,ml,2026-08-18 13:26:15.567,2026-08-18 15:06:19.333,US,Low
-122.7913360596,38.8311653137,2.5699999332,"M 1.5 - 6 km W of Cobb, CA","6 km W of Cobb, CA",35,1.5,md,2026-08-18 13:25:02.820,2026-08-18 15:27:24.103,US,Low
-98.996,28.817,7.9902,"M 1.9 - 12 km SE of Pearsall, Texas","12 km SE of Pearsall, Texas",56,1.9,ml,2026-08-18 13:22:23.323,2026-08-18 14:43:15.668,US,Low
-155.485168457,19.2013339996,27.8799991608,"M 2.0 - 0 km WSW of Pāhala, Hawaii","0 km WSW of Pāhala, Hawaii",59,1.96,md,2026-08-18 13:16:45.640,2026-08-18 13:20:28.530,US,Low
-119.214,33.7623333333,0.74,"M 2.7 - 35 km NNW of Santa Barbara Is., CA","35 km NNW of Santa Barbara Is., CA",112,2.69,ml,2026-08-18 13:12:45.770,2026-08-19 10:09:00.041,US,Moderate
-166.8684,53.1173,25.542,"M 3.4 - 87 km SSW of Unalaska, Alaska","87 km SSW of Unalaska, Alaska",178,3.4,ml,2026-08-18 13:05:16.900,2026-08-18 18:31:13.040,US,Moderate
-117.805,36.0218333333,1.19,"M 1.3 - 13 km ESE of Coso Junction, CA","13 km ESE of Coso Junction, CA",24,1.25,ml,2026-08-18 13:04:18.670,2026-08-18 13:23:46.102,US,Low
-179.857,50.986,10.3,"M 2.6 - 244 km WSW of Adak, Alaska","244 km WSW of Adak, Alaska",104,2.6,ml,2026-08-18 13:03:13.944,2026-08-19 05:23:59.154,US,Moderate
-122.5878333333,48.5986666667,7.98,"M 1.3 - 9 km N of Anacortes, Washington","9 km N of Anacortes, Washington",27,1.32,ml,2026-08-18 13:01:28.010,2026-08-18 20:22:58.140,US,Low
-155.3708333333,58.17,2.01,"M -0.1 - 86 km NW of Karluk, Alaska","86 km NW of Karluk, Alaska",0,-0.13,ml,2026-08-18 12:54:18.850,2026-08-19 00:08:59.800,US,Low
-117.0201666667,34.2758333333,5.67,"M 0.9 - 11 km WNW of Big Bear Lake, CA","11 km WNW of Big Bear Lake, CA",11,0.85,ml,2026-08-18 12:53:58.300,2026-08-18 13:24:02.882,US,Low
176.925,51.788,1.0,"M 3.0 - 280 km ESE of Attu Station, Alaska","280 km ESE of Attu Station, Alaska",138,3.0,ml,2026-08-18 12:42:30.509,2026-08-19 05:22:18.681,RU,Moderate
-111.4693333333,40.714,7.79,"M 0.8 - 3 km SSE of Silver Summit, Utah","3 km SSE of Silver Summit, Utah",9,0.75,md,2026-08-18 12:33:22.570,2026-08-18 15:11:20.080,US,Low
176.942,52.205,16.3,"M 2.7 - 264 km ESE of Attu Station, Alaska","264 km ESE of Attu Station, Alaska",112,2.7,ml,2026-08-18 12:32:58.857,2026-08-18 18:08:06.955,RU,Moderate
-122.7959976196,38.8334999084,2.0799999237,"M 1.0 - 6 km WNW of Cobb, CA","6 km WNW of Cobb, CA",16,1.03,md,2026-08-18 12:29:30.110,2026-08-18 14:42:21.791,US,Low
176.947,51.899,5.0,"M 2.9 - 276 km ESE of Attu Station, Alaska","276 km ESE of Attu Station, Alaska",129,2.9,ml,2026-08-18 12:24:47.110,2026-08-18 18:07:18.523,RU,Moderate
-167.302,53.587,99.7,"M 1.9 - 59 km WSW of Unalaska, Alaska","59 km WSW of Unalaska, Alaska",56,1.9,ml,2026-08-18 12:12:34.188,2026-08-18 18:24:59.741,US,Low
-135.7688333333,57.0961666667,6.96,"M 0.1 - 26 km W of Sitka, Alaska","26 km W of Sitka, Alaska",0,0.09,ml,2026-08-18 12:10:11.730,2026-08-19 00:00:59.290,US,Low
120.5751,-7.9051,36.253,"M 4.9 - 79 km N of Ruteng, Indonesia","79 km N of Ruteng, Indonesia",369,4.9,mb,2026-08-18 12:03:50.174,2026-08-18 14:30:51.040,ID,Moderate
-121.712,48.4796666667,5.75,"M 1.9 - 7 km SSE of Concrete, Washington","7 km SSE of Concrete, Washington",57,1.92,ml,2026-08-18 12:01:01.220,2026-08-18 18:20:28.860,US,Low
120.6328,-7.9812,35.0,"M 4.7 - 72 km NNE of Ruteng, Indonesia","72 km NNE of Ruteng, Indonesia",340,4.7,mb,2026-08-18 12:00:13.955,2026-08-18 13:23:06.040,ID,Moderate
-104.425,31.661,6.0999,"M 1.9 - 57 km S of Whites City, New Mexico","57 km S of Whites City, New Mexico",56,1.9,ml,2026-08-18 11:48:59.996,2026-08-18 17:56:15.425,US,Low
-148.43,61.054,15.0,"M 1.6 - 34 km NNE of Whittier, Alaska","34 km NNE of Whittier, Alaska",39,1.6,ml,2026-08-18 11:43:06.159,2026-08-19 05:20:02.921,US,Low
-122.7696685791,38.7873344421,3.7999999523,"M 1.1 - 2 km NW of The Geysers, CA","2 km NW of The Geysers, CA",18,1.09,md,2026-08-18 11:42:29.440,2026-08-18 12:07:23.740,US,Low
-137.676,57.942,11.6,"M 2.5 - 83 km WSW of Elfin Cove, Alaska","83 km WSW of Elfin Cove, Alaska",96,2.5,ml,2026-08-18 11:31:05.474,2026-08-19 05:17:54.965,US,Low
-153.595,58.364,9.6,"M 1.8 - 52 km NW of Aleneva, Alaska","52 km NW of Aleneva, Alaska",50,1.8,ml,2026-08-18 11:07:24.649,2026-08-19 05:17:17.659,US,Low
120.3661,-7.8898,10.259,"M 4.7 - 80 km N of Ruteng, Indonesia","80 km N of Ruteng, Indonesia",340,4.7,mb,2026-08-18 11:06:50.913,2026-08-18 11:47:23.040,ID,Moderate
-101.943,31.742,3.7354,"M 0.6 - 31 km SSE of Midland, Texas","31 km SSE of Midland, Texas",6,0.6,ml,2026-08-18 11:01:48.544,2026-08-18 12:01:05.409,US,Low
-177.872,51.364,52.3,"M 2.9 - 102 km SW of Adak, Alaska","102 km SW of Adak, Alaska",129,2.9,ml,2026-08-18 11:00:30.426,2026-08-18 18:06:20.772,US,Moderate
176.925,51.913,4.6,"M 2.7 - 274 km ESE of Attu Station, Alaska","274 km ESE of Attu Station, Alaska",112,2.7,ml,2026-08-18 10:58:56.466,2026-08-18 18:05:26.297,RU,Moderate
-152.825,60.265,140.6,"M 1.8 - 68 km WNW of Ninilchik, Alaska","68 km WNW of Ninilchik, Alaska",50,1.8,ml,2026-08-18 10:56:40.138,2026-08-18 18:04:04.318,US,Low
-98.949,28.839,8.342,"M 1.9 - 15 km ESE of Pearsall, Texas","15 km ESE of Pearsall, Texas",56,1.9,ml,2026-08-18 10:55:25.121,2026-08-18 11:39:36.090,US,Low
-154.498,58.852,121.7,"M 1.8 - 67 km SSE of Kokhanok, Alaska","67 km SSE of Kokhanok, Alaska",50,1.8,ml,2026-08-18 10:53:07.423,2026-08-18 18:21:23.434,US,Low
176.286,51.986,5.0,"M 3.3 - 231 km ESE of Attu Station, Alaska","231 km ESE of Attu Station, Alaska",168,3.3,ml,2026-08-18 10:51:56.221,2026-08-18 18:01:15.533,RU,Moderate
-117.836,36.0271666667,1.87,"M 0.2 - 10 km E of Coso Junction, CA","10 km E of Coso Junction, CA",1,0.23,ml,2026-08-18 10:48:38.890,2026-08-18 17:42:06.061,US,Low
-158.1315,56.7685,8.02,"M 0.2 - 55 km NNE of Chignik, Alaska","55 km NNE of Chignik, Alaska",1,0.24,ml,2026-08-18 10:44:25.570,2026-08-18 23:42:59.280,US,Low
-117.839,36.0278333333,1.58,"M 1.5 - 10 km E of Coso Junction, CA","10 km E of Coso Junction, CA",34,1.49,ml,2026-08-18 10:42:34.370,2026-08-18 14:03:19.616,US,Low
-3.6598,37.1061,10.0,"M 4.7 - 1 km WSW of Alhendín, Spain","1 km WSW of Alhendín, Spain",341,4.7,mb,2026-08-18 10:39:43.915,2026-08-19 10:00:05.663,ES,Moderate
-123.2689971924,39.3173332214,5.9099998474,"M 1.7 - 8 km NW of Redwood Valley, CA","8 km NW of Redwood Valley, CA",45,1.71,md,2026-08-18 10:35:14.540,2026-08-18 13:22:20.243,US,Low
-118.2406666667,34.109,11.12,"M 1.6 - 3 km NE of Silver Lake, CA","3 km NE of Silver Lake, CA",40,1.61,ml,2026-08-18 10:34:35.250,2026-08-18 15:15:23.070,US,Low
-124.8913333333,48.676,7.0,"M 1.6 - 39 km NNW of Neah Bay, Washington","39 km NNW of Neah Bay, Washington",39,1.59,ml,2026-08-18 10:29:50.760,2026-08-18 18:17:31.260,CA,Low
-155.2411666667,19.3506666667,29.48,"M 1.5 - 10 km S of Volcano, Hawaii","10 km S of Volcano, Hawaii",35,1.5,ml,2026-08-18 10:28:14.600,2026-08-18 19:26:11.260,US,Low
176.944,51.898,2.6,"M 2.8 - 276 km ESE of Attu Station, Alaska","276 km ESE of Attu Station, Alaska",121,2.8,ml,2026-08-18 10:27:35.939,2026-08-18 17:59:44.895,RU,Moderate
-116.7068333333,33.6983333333,18.36,"M 0.6 - 5 km SSE of Idyllwild, CA","5 km SSE of Idyllwild, CA",6,0.62,ml,2026-08-18 10:24:51.270,2026-08-18 14:03:21.641,US,Low
-117.8086666667,36.009,1.85,"M 0.7 - 12 km NE of Little Lake, CA","12 km NE of Little Lake, CA",8,0.7,ml,2026-08-18 10:24:13.950,2026-08-18 17:30:11.173,US,Low
178.268,51.869,120.8,"M 2.7 - Rat Islands, Aleutian Islands, Alaska","Rat Islands, Aleutian Islands, Alaska",112,2.7,ml,2026-08-18 10:20:49.991,2026-08-18 18:17:11.545,RU,Moderate
-165.632,53.706,63.2,"M 1.7 - 48 km S of Akutan, Alaska","48 km S of Akutan, Alaska",44,1.7,ml,2026-08-18 10:16:26.793,2026-08-18 18:15:34.713,US,Low
-155.2715,19.3396666667,31.93,"M 2.4 - 12 km SSW of Volcano, Hawaii","12 km SSW of Volcano, Hawaii",87,2.38,ml,2026-08-18 10:09:19.460,2026-08-18 18:10:07.100,US,Low
-122.2256698608,37.407333374,3.4100000858,"M 1.1 - 3 km NNE of Portola Valley, CA","3 km NNE of Portola Valley, CA",19,1.1,md,2026-08-18 10:08:33.880,2026-08-18 12:57:21.075,US,Low
-122.7001666667,47.6536666667,21.43,"M 0.4 - 1 km NNW of Silverdale, Washington","1 km NNW of Silverdale, Washington",2,0.35,md,2026-08-18 10:08:13.860,2026-08-18 18:12:13.040,US,Low
-155.577331543,19.4274997711,41.7200012207,"M 2.2 - 26 km NNW of Pāhala, Hawaii","26 km NNW of Pāhala, Hawaii",75,2.21,md,2026-08-18 10:04:12.980,2026-08-18 10:07:56.270,US,Low
-117.1068333333,34.0131666667,12.99,"M 1.1 - 6 km WNW of Calimesa, CA","6 km WNW of Calimesa, CA",19,1.12,ml,2026-08-18 09:53:41.470,2026-08-18 14:03:56.590,US,Low
-116.4633333333,34.4283333333,1.44,"M 1.3 - 35 km N of Yucca Valley, CA","35 km N of Yucca Valley, CA",24,1.25,ml,2026-08-18 09:35:09.620,2026-08-18 13:28:09.366,US,Low
-154.887,57.272,56.4,"M 1.7 - 42 km SW of Karluk, Alaska","42 km SW of Karluk, Alaska",44,1.7,ml,2026-08-18 09:34:53.754,2026-08-18 18:14:51.817,US,Low
-3.7084,37.0875,10.0,"M 4.6 - 5 km ENE of Escúzar, Spain","5 km ENE of Escúzar, Spain",326,4.6,mb,2026-08-18 09:34:37.659,2026-08-18 10:12:21.378,ES,Moderate
-116.7923333333,33.7228333333,14.79,"M 0.4 - 7 km WSW of Idyllwild, CA","7 km WSW of Idyllwild, CA",2,0.38,ml,2026-08-18 09:31:34.370,2026-08-18 13:29:06.940,US,Low
-122.2013320923,37.3961677551,5.8299999237,"M 2.0 - 3 km ENE of Portola Valley, CA","3 km ENE of Portola Valley, CA",59,1.95,md,2026-08-18 09:30:28.600,2026-08-18 12:27:22.864,US,Low
-122.5953333333,46.5225,12.92,"M 0.6 - 8 km W of Mossyrock, Washington","8 km W of Mossyrock, Washington",6,0.61,md,2026-08-18 09:22:34.530,2026-08-18 18:00:31.650,US,Low
-152.254,61.175,11.5,"M 1.2 - 61 km W of Tyonek, Alaska","61 km W of Tyonek, Alaska",22,1.2,ml,2026-08-18 09:12:49.054,2026-08-18 23:21:57.100,US,Low
-161.5087,54.4067,35.0,"M 3.3 - 89 km SE of King Cove, Alaska","89 km SE of King Cove, Alaska",168,3.3,ml,2026-08-18 09:04:45.332,2026-08-18 11:00:13.040,US,Moderate
-177.1264,-24.7429,130.03,M 4.5 - south of the Fiji Islands,south of the Fiji Islands,312,4.5,mb,2026-08-18 09:02:35.424,2026-08-18 10:21:30.040,TO,Moderate
-179.488,51.712,118.5,"M 2.3 - 197 km W of Adak, Alaska","197 km W of Adak, Alaska",81,2.3,ml,2026-08-18 09:02:16.164,2026-08-18 09:20:24.666,US,Low
120.4656,-7.9353,33.11,"M 4.8 - 74 km N of Ruteng, Indonesia","74 km N of Ruteng, Indonesia",354,4.8,mb,2026-08-18 09:01:39.508,2026-08-18 09:39:24.040,ID,Moderate
-121.1679992676,36.5545005798,2.1600000858,"M 1.2 - 3 km NW of Pinnacles, CA","3 km NW of Pinnacles, CA",23,1.22,md,2026-08-18 08:46:24.160,2026-08-18 11:32:21.473,US,Low
-155.2531666667,19.3503333333,29.15,"M 1.3 - 10 km S of Volcano, Hawaii","10 km S of Volcano, Hawaii",25,1.27,ml,2026-08-18 08:43:48.240,2026-08-18 19:42:14.900,US,Low
-155.3718333333,58.1673333333,2.24,"M -0.4 - 86 km NW of Karluk, Alaska","86 km NW of Karluk, Alaska",0,-0.39,ml,2026-08-18 08:41:32.130,2026-08-18 23:15:27.650,US,Low
-117.6015,35.6978333333,8.46,"M 1.3 - 11 km NE of Ridgecrest, CA","11 km NE of Ridgecrest, CA",27,1.32,ml,2026-08-18 08:41:24.650,2026-08-18 13:29:02.470,US,Low
-117.6533333333,34.3685,9.06,"M 0.8 - 2 km WNW of Wrightwood, CA","2 km WNW of Wrightwood, CA",10,0.79,ml,2026-08-18 08:39:46.900,2026-08-18 13:28:43.898,US,Low
-3.6311,37.1786,10.0,"M 4.9 - 2 km WSW of Granada, Spain","2 km WSW of Granada, Spain",383,4.9,mww,2026-08-18 08:37:44.898,2026-08-19 21:35:32.128,ES,Moderate
-122.7835006714,38.8269996643,1.1399999857,"M 1.2 - 5 km W of Cobb, CA","5 km W of Cobb, CA",20,1.15,md,2026-08-18 08:32:18.060,2026-08-18 11:07:22.287,US,Low
176.931,51.918,10.0,"M 3.5 - 275 km ESE of Attu Station, Alaska","275 km ESE of Attu Station, Alaska",188,3.5,ml,2026-08-18 08:31:46.120,2026-08-18 09:19:09.173,RU,Moderate
-116.3195,34.0086666667,8.23,"M 0.9 - 14 km S of Joshua Tree, CA","14 km S of Joshua Tree, CA",11,0.85,ml,2026-08-18 08:23:59.200,2026-08-18 13:28:47.985,US,Low
-97.85866667,35.07516667,7.85,"M 0.7 - 7 km ENE of Chickasha, Oklahoma","7 km ENE of Chickasha, Oklahoma",8,0.74,ml,2026-08-18 08:21:35.869,2026-08-19 16:17:18.608,US,Low
-155.3391666667,58.1761666667,1.08,"M -0.3 - 85 km NW of Karluk, Alaska","85 km NW of Karluk, Alaska",0,-0.29,ml,2026-08-18 08:16:17.390,2026-08-18 22:52:56.310,US,Low
-176.1446666667,52.1081666667,7.29,"M 0.0 - 42 km NE of Adak, Alaska","42 km NE of Adak, Alaska",0,-0.01,ml,2026-08-18 08:03:45.240,2026-08-18 22:45:24.860,US,Low
-64.8353333333,18.1481666667,16.48,"M 2.5 - 20 km SSW of Cruz Bay, U.S. Virgin Islands","20 km SSW of Cruz Bay, U.S. Virgin Islands",98,2.53,md,2026-08-18 08:02:38.150,2026-08-18 10:22:34.650,VI,Low
-117.8128333333,35.313,7.49,"M 1.1 - 17 km WSW of Johannesburg, CA","17 km WSW of Johannesburg, CA",20,1.14,ml,2026-08-18 07:59:59.970,2026-08-18 14:03:25.649,US,Low
-123.2375030518,39.3141670227,3.6400001049,"M 1.3 - 6 km NNW of Redwood Valley, CA","6 km NNW of Redwood Valley, CA",25,1.27,md,2026-08-18 07:58:31.000,2026-08-18 10:42:24.115,US,Low
-112.8891666667,38.5125,2.44,"M 1.0 - 16 km NE of Milford, Utah","16 km NE of Milford, Utah",15,1.0,md,2026-08-18 07:55:31.930,2026-08-18 13:24:34.900,US,Low
-122.8576660156,38.8218345642,2.1800000668,"M 0.4 - 10 km WNW of The Geysers, CA","10 km WNW of The Geysers, CA",2,0.35,md,2026-08-18 07:51:46.880,2026-08-18 08:22:23.146,US,Low
-153.987,56.585,34.1,"M 2.9 - 41 km SSE of Akhiok, Alaska","41 km SSE of Akhiok, Alaska",129,2.9,ml,2026-08-18 07:48:02.428,2026-08-18 09:16:32.270,US,Moderate
-116.9286666667,34.0111666667,17.02,"M 0.8 - 10 km NNE of Beaumont, CA","10 km NNE of Beaumont, CA",11,0.83,ml,2026-08-18 07:41:01.030,2026-08-18 13:30:12.640,US,Low
-120.1773300171,36.0536651611,10.3000001907,"M 2.5 - 7 km NW of Avenal, CA","7 km NW of Avenal, CA",99,2.54,md,2026-08-18 07:34:58.310,2026-08-18 10:12:20.903,US,Low
-150.246,60.435,51.2,"M 1.9 - 23 km WSW of Cooper Landing, Alaska","23 km WSW of Cooper Landing, Alaska",56,1.9,ml,2026-08-18 07:28:46.198,2026-08-18 09:13:56.533,US,Low
-117.8571666667,36.0691666667,2.02,"M 0.7 - 9 km ENE of Coso Junction, CA","9 km ENE of Coso Junction, CA",8,0.71,ml,2026-08-18 07:17:38.210,2026-08-18 13:30:04.678,US,Low
-174.932,51.561,19.9,"M 2.9 - 86 km SW of Atka, Alaska","86 km SW of Atka, Alaska",129,2.9,ml,2026-08-18 07:16:48.146,2026-08-18 09:11:29.902,US,Moderate
-147.209,60.318,22.1,"M 2.0 - 52 km ENE of Chenega, Alaska","52 km ENE of Chenega, Alaska",62,2.0,ml,2026-08-18 07:12:51.645,2026-08-18 09:10:27.759,US,Low
-67.0068,10.6791,17.389,"M 3.8 - 8 km NNE of Catia La Mar, Venezuela","8 km NNE of Catia La Mar, Venezuela",223,3.8,mb,2026-08-18 07:07:16.382,2026-08-19 14:09:39.290,VE,Moderate
-98.0875,35.22333333,9.84,"M 0.7 - 12 km WNW of Pocasset, Oklahoma","12 km WNW of Pocasset, Oklahoma",8,0.71,ml,2026-08-18 07:05:27.000,2026-08-19 15:36:08.662,US,Low
-98.039,35.247,3.93,"M 0.6 - 9 km NW of Pocasset, Oklahoma","9 km NW of Pocasset, Oklahoma",5,0.57,ml,2026-08-18 07:05:16.780,2026-08-19 14:30:05.624,US,Low
-95.99683333,34.72166667,5.0,"M 0.8 - 8 km NNE of Wardville, Oklahoma","8 km NNE of Wardville, Oklahoma",10,0.81,ml,2026-08-18 07:03:39.200,2026-08-19 13:31:04.885,US,Low
-122.7613296509,38.7936668396,0.75,"M 1.1 - 2 km NNW of The Geysers, CA","2 km NNW of The Geysers, CA",18,1.09,md,2026-08-18 06:58:24.440,2026-08-18 07:27:20.783,US,Low
-116.7395,33.5123333333,3.82,"M 0.6 - 8 km SW of Anza, CA","8 km SW of Anza, CA",5,0.55,ml,2026-08-18 06:52:39.780,2026-08-18 13:31:22.510,US,Low
-116.732,33.527,2.76,"M 0.9 - 6 km WSW of Anza, CA","6 km WSW of Anza, CA",14,0.94,ml,2026-08-18 06:49:39.350,2026-08-18 13:31:16.960,US,Low
-117.812,35.3203333333,7.2,"M 0.9 - 17 km WSW of Johannesburg, CA","17 km WSW of Johannesburg, CA",11,0.86,ml,2026-08-18 06:49:05.120,2026-08-18 13:30:26.020,US,Low
-122.7308349609,38.7643318176,1.4600000381,"M 2.0 - 3 km ESE of The Geysers, CA","3 km ESE of The Geysers, CA",64,2.04,md,2026-08-18 06:47:12.960,2026-08-18 09:27:21.613,US,Low
125.9428,-4.243,381.022,"M 4.3 - 241 km S of Sanana, Indonesia","241 km S of Sanana, Indonesia",284,4.3,mb,2026-08-18 06:45:39.863,2026-08-18 07:10:03.040,ID,Moderate
-123.2334976196,39.313331604,4.2399997711,"M 1.5 - 6 km NNW of Redwood Valley, CA","6 km NNW of Redwood Valley, CA",33,1.47,md,2026-08-18 06:45:03.150,2026-08-18 09:12:20.513,US,Low
-113.9216666667,47.583,16.4,"M 0.0 - 14 km ENE of Ronan, Montana","14 km ENE of Ronan, Montana",0,0.03,ml,2026-08-18 06:33:57.530,2026-08-19 18:06:44.520,US,Low
-112.887,38.5066666667,2.56,"M 1.2 - 16 km NE of Milford, Utah","16 km NE of Milford, Utah",21,1.16,md,2026-08-18 06:29:25.220,2026-08-18 15:01:44.040,US,Low
-104.181,31.573,7.2791,"M 1.7 - 46 km NW of Toyah, Texas","46 km NW of Toyah, Texas",44,1.7,ml,2026-08-18 06:28:58.102,2026-08-18 11:52:58.081,US,Low
-155.2501678467,19.3641662598,29.8700008392,"M 1.8 - 8 km S of Volcano, Hawaii","8 km S of Volcano, Hawaii",50,1.81,md,2026-08-18 06:25:17.540,2026-08-18 06:29:03.410,US,Low
-112.8876666667,38.506,2.57,"M 0.5 - 16 km NE of Milford, Utah","16 km NE of Milford, Utah",4,0.49,md,2026-08-18 06:16:56.120,2026-08-18 14:17:51.660,US,Low
-117.8135,35.3271666667,7.44,"M 1.0 - 17 km WSW of Johannesburg, CA","17 km WSW of Johannesburg, CA",16,1.02,ml,2026-08-18 06:16:28.950,2026-08-18 13:30:29.995,US,Low
-154.915,57.326,54.9,"M 1.9 - 38 km SW of Karluk, Alaska","38 km SW of Karluk, Alaska",56,1.9,ml,2026-08-18 06:12:31.226,2026-08-18 09:02:45.758,US,Low
176.2914,52.0286,10.0,"M 3.2 - 229 km ESE of Attu Station, Alaska","229 km ESE of Attu Station, Alaska",158,3.2,ml,2026-08-18 06:12:12.320,2026-08-18 14:57:58.040,RU,Moderate
-116.1126666667,33.168,9.84,"M 1.1 - 3 km NNE of Ocotillo Wells, CA","3 km NNE of Ocotillo Wells, CA",17,1.05,ml,2026-08-18 06:09:35.270,2026-08-18 14:03:51.940,US,Low
-155.1686706543,19.873500824,40.0600013733,"M 2.0 - 5 km W of Honomu, Hawaii","5 km W of Honomu, Hawaii",59,1.96,md,2026-08-18 06:08:23.890,2026-08-18 06:12:16.460,US,Low
-107.0349,34.5876,4.921,"M 2.5 - 23 km W of Pueblitos, New Mexico","23 km W of Pueblitos, New Mexico",96,2.5,ml,2026-08-18 06:03:30.256,2026-08-18 07:29:25.040,US,Low
176.9585,51.9024,10.0,"M 3.0 - 277 km ESE of Attu Station, Alaska","277 km ESE of Attu Station, Alaska",138,3.0,ml,2026-08-18 06:03:06.847,2026-08-18 14:55:43.040,RU,Moderate
98.416,-0.6858,10.0,"M 5.6 - 154 km SSE of Teluk Dalam, Indonesia","154 km SSE of Teluk Dalam, Indonesia",482,5.6,mww,2026-08-18 06:02:20.229,2026-08-19 06:12:39.744,ID,Moderate
-153.4223333333,59.3656666667,0.57,"M -0.1 - 60 km SE of Pedro Bay, Alaska","60 km SE of Pedro Bay, Alaska",0,-0.12,ml,2026-08-18 05:56:58.230,2026-08-18 21:48:22.710,US,Low
-117.6015,34.3435,9.73,"M 0.9 - 4 km ESE of Wrightwood, CA","4 km ESE of Wrightwood, CA",11,0.86,ml,2026-08-18 05:56:30.520,2026-08-18 13:38:02.701,US,Low
-91.927,13.9935,35.138,"M 4.0 - 33 km S of Champerico, Guatemala","33 km S of Champerico, Guatemala",246,4.0,mb,2026-08-18 05:42:25.134,2026-08-18 15:00:47.040,GT,Moderate
-116.2363333333,32.9978333333,7.61,"M 1.4 - 19 km SSW of Ocotillo Wells, CA","19 km SSW of Ocotillo Wells, CA",28,1.35,ml,2026-08-18 05:35:21.650,2026-08-18 13:38:27.560,US,Low
-156.333,57.172,88.1,"M 1.8 - 74 km ESE of Ugashik, Alaska","74 km ESE of Ugashik, Alaska",50,1.8,ml,2026-08-18 05:33:38.321,2026-08-18 08:59:21.593,US,Low
-104.002,31.985,7.3303,"M 0.7 - 27 km SSE of Malaga, New Mexico","27 km SSE of Malaga, New Mexico",8,0.7,ml,2026-08-18 05:32:53.351,2026-08-18 11:49:39.715,US,Low
-122.7841644287,38.8359985352,1.2699999809,"M 1.3 - 6 km WNW of Cobb, CA","6 km WNW of Cobb, CA",25,1.28,md,2026-08-18 05:30:07.260,2026-08-18 07:52:19.951,US,Low
-119.1581666667,34.449,3.32,"M 1.0 - 8 km E of Ojai, CA","8 km E of Ojai, CA",14,0.97,ml,2026-08-18 05:19:24.530,2026-08-18 18:02:31.182,US,Low
-116.734,33.533,3.23,"M 0.1 - 6 km WSW of Anza, CA","6 km WSW of Anza, CA",0,0.06,ml,2026-08-18 05:06:08.720,2026-08-18 17:58:28.325,US,Low
-116.7298333333,33.5325,2.65,"M 0.2 - 6 km WSW of Anza, CA","6 km WSW of Anza, CA",0,0.18,ml,2026-08-18 05:06:05.940,2026-08-18 17:53:56.578,US,Low
-93.1475,14.2298,10.0,"M 5.7 - 95 km SW of Puerto Madero, Mexico","95 km SW of Puerto Madero, Mexico",500,5.7,mww,2026-08-18 05:02:32.244,2026-08-19 05:09:54.547,MX,High
-117.7131666667,33.8045,7.87,"M 0.5 - 9 km ENE of North Tustin, CA","9 km ENE of North Tustin, CA",4,0.49,ml,2026-08-18 05:01:32.970,2026-08-18 16:00:07.824,US,Low
-64.6568333333,18.8298333333,16.19,"M 3.0 - 57 km NNE of Cruz Bay, U.S. Virgin Islands","57 km NNE of Cruz Bay, U.S. Virgin Islands",137,2.98,md,2026-08-18 04:49:46.630,2026-08-18 10:32:17.340,VG,Moderate
-155.4373333333,19.4088333333,7.61,"M 1.9 - 21 km W of Volcano, Hawaii","21 km W of Volcano, Hawaii",56,1.91,ml,2026-08-18 04:44:30.460,2026-08-18 18:35:39.390,US,Low
-174.251,51.291,20.0,"M 3.2 - 100 km S of Atka, Alaska","100 km S of Atka, Alaska",158,3.2,ml,2026-08-18 04:33:58.088,2026-08-18 08:57:22.561,US,Moderate
-165.392,54.186,85.6,"M 1.9 - 25 km ENE of Akutan, Alaska","25 km ENE of Akutan, Alaska",56,1.9,ml,2026-08-18 04:30:37.935,2026-08-18 08:56:01.726,US,Low
-176.224,50.378,15.6,"M 2.6 - 168 km S of Adak, Alaska","168 km S of Adak, Alaska",104,2.6,ml,2026-08-18 04:26:59.968,2026-08-18 08:54:54.434,US,Moderate
-152.865,59.305,90.4,"M 1.8 - 54 km W of Nanwalek, Alaska","54 km W of Nanwalek, Alaska",50,1.8,ml,2026-08-18 04:26:03.883,2026-08-18 08:53:12.751,US,Low
-155.496673584,19.1284999847,29.4099998474,"M 1.7 - 8 km SSW of Pāhala, Hawaii","8 km SSW of Pāhala, Hawaii",46,1.72,md,2026-08-18 04:12:50.640,2026-08-18 04:16:30.970,US,Low
-152.754,59.488,82.7,"M 1.9 - 49 km WNW of Nanwalek, Alaska","49 km WNW of Nanwalek, Alaska",56,1.9,ml,2026-08-18 04:12:34.251,2026-08-18 08:48:12.006,US,Low
-116.725,33.6496666667,13.13,"M 0.7 - 10 km S of Idyllwild, CA","10 km S of Idyllwild, CA",8,0.72,ml,2026-08-18 04:09:33.970,2026-08-18 17:36:30.573,US,Low
-116.7273333333,33.6483333333,12.31,"M 0.8 - 10 km S of Idyllwild, CA","10 km S of Idyllwild, CA",9,0.77,ml,2026-08-18 04:09:30.530,2026-08-18 17:37:46.750,US,Low
-116.723,33.649,12.5,"M 0.5 - 10 km S of Idyllwild, CA","10 km S of Idyllwild, CA",4,0.54,ml,2026-08-18 04:06:13.190,2026-08-18 13:39:06.282,US,Low
176.928,51.882,5.0,"M 3.0 - 276 km ESE of Attu Station, Alaska","276 km ESE of Attu Station, Alaska",138,3.0,ml,2026-08-18 04:05:08.433,2026-08-18 08:43:19.402,RU,Moderate
-153.24,57.998,28.1,"M 2.0 - 20 km WSW of Aleneva, Alaska","20 km WSW of Aleneva, Alaska",62,2.0,ml,2026-08-18 04:04:55.145,2026-08-18 08:36:37.318,US,Low
-103.255,30.945,1.46,"M 1.2 - 36 km W of Fort Stockton, Texas","36 km W of Fort Stockton, Texas",22,1.2,ml,2026-08-18 04:00:40.553,2026-08-18 12:07:09.927,US,Low
-122.8203353882,38.8283348083,1.6399999857,"M 1.2 - 8 km NW of The Geysers, CA","8 km NW of The Geysers, CA",23,1.21,md,2026-08-18 03:55:05.280,2026-08-18 06:12:20.249,US,Low
-67.3335,18.3795,14.63,"M 2.4 - 9 km WNW of Rincón, Puerto Rico","9 km WNW of Rincón, Puerto Rico",86,2.37,md,2026-08-18 03:53:42.950,2026-08-18 10:21:25.240,PR,Low
-173.413,51.526,20.0,"M 2.6 - 92 km SE of Atka, Alaska","92 km SE of Atka, Alaska",104,2.6,ml,2026-08-18 03:42:58.516,2026-08-18 08:34:49.462,US,Moderate
-121.172668457,36.5848350525,5.6100001335,"M 1.1 - 6 km NNW of Pinnacles, CA","6 km NNW of Pinnacles, CA",19,1.12,md,2026-08-18 03:40:51.550,2026-08-18 05:17:22.875,US,Low
-106.9376,34.5679,5.0,"M 3.1 - 15 km WSW of Pueblitos, New Mexico","15 km WSW of Pueblitos, New Mexico",149,3.1,ml,2026-08-18 03:40:13.636,2026-08-19 20:35:13.477,US,Moderate
-155.2496666667,19.3673333333,27.59,"M 1.1 - 8 km S of Volcano, Hawaii","8 km S of Volcano, Hawaii",17,1.06,ml,2026-08-18 03:35:36.230,2026-08-18 21:22:50.120,US,Low
-104.418,31.689,6.0999,"M 2.2 - 54 km S of Whites City, New Mexico","54 km S of Whites City, New Mexico",74,2.2,ml,2026-08-18 03:33:44.240,2026-08-19 17:52:08.255,US,Low
-68.9501,18.3641,103.0,"M 3.9 - 7 km SSE of La Romana, Dominican Republic","7 km SSE of La Romana, Dominican Republic",230,3.87,md,2026-08-18 03:33:07.490,2026-08-18 10:48:00.768,DO,Moderate
-101.909,32.108,8.6182,"M 0.8 - 11 km WSW of Stanton, Texas","11 km WSW of Stanton, Texas",10,0.8,ml,2026-08-18 03:30:37.795,2026-08-18 11:36:47.534,US,Low
-104.431,31.677,7.4841,"M 1.7 - 55 km S of Whites City, New Mexico","55 km S of Whites City, New Mexico",44,1.7,ml,2026-08-18 03:27:57.767,2026-08-18 08:22:21.554,US,Low
-104.411,31.683,6.0999,"M 2.1 - 54 km S of Whites City, New Mexico","54 km S of Whites City, New Mexico",68,2.1,ml,2026-08-18 03:27:10.191,2026-08-18 07:32:17.735,US,Low
-104.413,31.686,6.0999,"M 1.9 - 54 km S of Whites City, New Mexico","54 km S of Whites City, New Mexico",56,1.9,ml,2026-08-18 03:24:15.612,2026-08-18 08:14:47.101,US,Low
-104.413,31.677,6.0999,"M 2.0 - 55 km S of Whites City, New Mexico","55 km S of Whites City, New Mexico",62,2.0,ml,2026-08-18 03:17:26.357,2026-08-18 07:55:44.341,US,Low
-118.8286666667,37.4508333333,4.23,"M 1.2 - 18 km SW of Toms Place, CA","18 km SW of Toms Place, CA",20,1.15,md,2026-08-18 03:13:59.300,2026-08-19 21:52:22.285,US,Low
-117.5921666667,35.7515,10.24,"M 0.4 - 16 km NNE of Ridgecrest, CA","16 km NNE of Ridgecrest, CA",3,0.42,ml,2026-08-18 03:12:16.990,2026-08-18 13:39:10.331,US,Low
-116.3956666667,33.3233333333,8.2,"M 1.4 - 8 km NNW of Borrego Springs, CA","8 km NNW of Borrego Springs, CA",29,1.38,ml,2026-08-18 03:10:34.510,2026-08-18 13:39:33.900,US,Low
-101.853,32.079,8.0322,"M 0.6 - 8 km SW of Stanton, Texas","8 km SW of Stanton, Texas",6,0.6,ml,2026-08-18 03:05:38.068,2026-08-18 11:19:54.907,US,Low
-155.5950012207,19.4309997559,40.5099983215,"M 2.3 - 28 km NNW of Pāhala, Hawaii","28 km NNW of Pāhala, Hawaii",82,2.31,md,2026-08-18 02:50:08.960,2026-08-18 02:53:52.350,US,Low
-160.148,54.528,20.0,"M 3.2 - 92 km SSE of Sand Point, Alaska","92 km SSE of Sand Point, Alaska",158,3.2,ml,2026-08-18 02:48:32.242,2026-08-18 08:32:05.524,US,Moderate
-155.2409973145,19.343334198,29.8799991608,"M 1.7 - 11 km S of Volcano, Hawaii","11 km S of Volcano, Hawaii",45,1.71,md,2026-08-18 02:47:18.060,2026-08-18 02:50:51.720,US,Low
120.2573,-8.2434,34.063,"M 4.8 - 46 km NNW of Ruteng, Indonesia","46 km NNW of Ruteng, Indonesia",354,4.8,mb,2026-08-18 02:42:38.032,2026-08-18 03:19:14.040,ID,Moderate
-154.087,68.025,3.3,"M 2.9 - 98 km W of Anaktuvuk Pass, Alaska","98 km W of Anaktuvuk Pass, Alaska",129,2.9,ml,2026-08-18 02:31:40.814,2026-08-18 08:30:20.520,US,Moderate
-173.039,51.887,61.2,"M 2.5 - 86 km ESE of Atka, Alaska","86 km ESE of Atka, Alaska",96,2.5,ml,2026-08-18 02:19:38.227,2026-08-18 08:27:50.388,US,Low
-122.8190002441,38.8001670837,2.7599999905,"M 1.1 - 6 km WNW of The Geysers, CA","6 km WNW of The Geysers, CA",18,1.08,md,2026-08-18 02:16:40.130,2026-08-18 02:57:21.934,US,Low
-155.2448333333,19.3541666667,27.96,"M 1.2 - 9 km S of Volcano, Hawaii","9 km S of Volcano, Hawaii",23,1.23,ml,2026-08-18 02:11:11.830,2026-08-18 02:24:27.880,US,Low
-176.708,51.662,73.1,"M 1.8 - 24 km SSW of Adak, Alaska","24 km SSW of Adak, Alaska",50,1.8,ml,2026-08-18 02:07:30.465,2026-08-18 07:13:49.865,US,Low
-122.8078308105,38.8368339539,2.0599999428,"M 0.7 - 8 km WNW of Cobb, CA","8 km WNW of Cobb, CA",7,0.66,md,2026-08-18 02:00:34.670,2026-08-18 02:42:20.831,US,Low
-146.865,67.624,10.0,"M 3.0 - 70 km NNW of Venetie, Alaska","70 km NNW of Venetie, Alaska",138,3.0,ml,2026-08-18 01:58:23.030,2026-08-18 08:25:44.228,US,Moderate
-104.116,31.74,7.2919,"M 2.2 - 49 km W of Mentone, Texas","49 km W of Mentone, Texas",74,2.2,ml,2026-08-18 01:45:51.098,2026-08-18 07:43:33.453,US,Low
-65.7171666667,19.417,45.06,"M 3.4 - 110 km N of Suárez, Puerto Rico","110 km N of Suárez, Puerto Rico",180,3.42,md,2026-08-18 01:32:58.570,2026-08-18 01:53:27.040,PR,Moderate
-116.3605,33.2991666667,9.96,"M 0.5 - 5 km NNE of Borrego Springs, CA","5 km NNE of Borrego Springs, CA",4,0.54,ml,2026-08-18 01:23:28.610,2026-08-18 13:39:14.378,US,Low
-103.705,31.112,4.5105,"M 1.4 - 14 km NNE of Balmorhea, Texas","14 km NNE of Balmorhea, Texas",30,1.4,ml,2026-08-18 01:21:25.881,2026-08-18 08:56:52.349,US,Low
-118.2245,33.6813333333,7.8,"M 2.3 - 9 km SE of San Pedro, CA","9 km SE of San Pedro, CA",81,2.3,ml,2026-08-18 01:15:52.000,2026-08-18 14:48:12.520,US,Low
-95.98866667,34.6975,5.0,"M 1.0 - 6 km NE of Wardville, Oklahoma","6 km NE of Wardville, Oklahoma",14,0.97,ml,2026-08-18 01:11:20.399,2026-08-19 12:57:14.647,US,Low
-179.0793,-22.0411,576.355,M 4.8 - south of the Fiji Islands,south of the Fiji Islands,354,4.8,mb,2026-08-18 01:10:03.872,2026-08-18 01:26:57.040,TO,Moderate
176.927,51.828,3.3,"M 3.0 - 278 km ESE of Attu Station, Alaska","278 km ESE of Attu Station, Alaska",138,3.0,ml,2026-08-18 00:47:16.614,2026-08-18 07:11:07.853,RU,Moderate
-178.7688333333,51.8091666667,4.47,"M 0.1 - 147 km W of Adak, Alaska","147 km W of Adak, Alaska",0,0.05,ml,2026-08-18 00:41:52.030,2026-08-18 21:12:20.630,US,Low
-155.2438354492,19.3600006104,28.7099990845,"M 1.8 - 9 km S of Volcano, Hawaii","9 km S of Volcano, Hawaii",48,1.77,md,2026-08-18 00:39:31.360,2026-08-18 00:43:08.010,US,Low
-122.7998352051,38.8283348083,1.7699999809,"M 1.1 - 7 km W of Cobb, CA","7 km W of Cobb, CA",17,1.06,md,2026-08-18 00:38:40.420,2026-08-18 00:40:18.219,US,Low
-116.3833333333,33.3641666667,11.1,"M 1.0 - 12 km N of Borrego Springs, CA","12 km N of Borrego Springs, CA",14,0.97,ml,2026-08-18 00:37:39.150,2026-08-18 13:39:30.575,US,Low
-155.2408333333,19.3543333333,29.16,"M 1.6 - 9 km S of Volcano, Hawaii","9 km S of Volcano, Hawaii",39,1.59,ml,2026-08-18 00:37:32.470,2026-08-18 01:40:25.420,US,Low
-122.599,48.2953333333,26.6,"M 1.5 - 3 km E of Oak Harbor, Washington","3 km E of Oak Harbor, Washington",32,1.45,ml,2026-08-18 00:34:15.820,2026-08-18 18:04:59.740,US,Low
-148.578,62.135,22.7,"M 2.1 - 38 km N of Chickaloon, Alaska","38 km N of Chickaloon, Alaska",68,2.1,ml,2026-08-18 00:33:08.299,2026-08-18 07:10:39.827,US,Low
-162.548,54.001,10.5,"M 2.7 - 110 km SSE of False Pass, Alaska","110 km SSE of False Pass, Alaska",112,2.7,ml,2026-08-18 00:31:05.241,2026-08-18 07:07:57.454,US,Moderate
-117.8116666667,35.3098333333,9.47,"M 0.5 - 18 km WSW of Johannesburg, CA","18 km WSW of Johannesburg, CA",3,0.45,ml,2026-08-18 00:29:49.190,2026-08-18 16:30:09.093,US,Low
-178.8276666667,51.7916666667,8.42,"M 0.4 - 151 km W of Adak, Alaska","151 km W of Adak, Alaska",2,0.36,ml,2026-08-18 00:25:03.140,2026-08-18 21:06:49.320,US,Low
-117.216,34.0036666667,5.22,"M 0.9 - 6 km SE of Loma Linda, CA","6 km SE of Loma Linda, CA",12,0.9,ml,2026-08-18 00:20:40.170,2026-08-18 13:39:47.378,US,Low
-117.207,34.0048333333,13.46,"M 1.5 - 6 km SSW of Redlands, CA","6 km SSW of Redlands, CA",35,1.51,ml,2026-08-18 00:15:39.890,2026-08-18 13:40:41.910,US,Low
-117.1985,34.0113333333,13.65,"M 1.4 - 5 km SSW of Redlands, CA","5 km SSW of Redlands, CA",31,1.43,ml,2026-08-18 00:13:08.270,2026-08-18 15:30:35.550,US,Low
-155.2725067139,19.4171657562,0.5899999738,"M 1.8 - 4 km SW of Volcano, Hawaii","4 km SW of Volcano, Hawaii",47,1.75,ml,2026-08-18 00:09:05.030,2026-08-18 00:12:51.620,US,Low
-122.7448348999,38.7756652832,2.0299999714,"M 1.3 - 1 km E of The Geysers, CA","1 km E of The Geysers, CA",26,1.29,md,2026-08-18 00:00:25.850,2026-08-18 01:37:21.416,US,Low
-119.5156666667,41.9716666667,2.46,"M 2.1 - 54 km ENE of Fort Bidwell, California","54 km ENE of Fort Bidwell, California",68,2.1,md,2026-08-17 23:58:55.960,2026-08-19 00:27:29.020,US,Low
-120.7966690063,35.577167511,4.4099998474,"M 1.1 - 9 km WNW of Templeton, CA","9 km WNW of Templeton, CA",18,1.08,md,2026-08-17 23:52:13.650,2026-08-17 23:53:47.820,US,Low
-120.7948303223,35.5716667175,4.6900000572,"M 1.6 - 8 km WNW of Templeton, CA","8 km WNW of Templeton, CA",38,1.57,md,2026-08-17 23:47:12.120,2026-08-17 23:48:47.756,US,Low
-103.859,32.046,6.3049,"M 0.6 - 28 km SE of Malaga, New Mexico","28 km SE of Malaga, New Mexico",6,0.6,ml,2026-08-17 23:38:29.672,2026-08-19 18:06:51.454,US,Low
-97.87766667,35.01916667,9.65,"M 1.8 - 6 km SE of Chickasha, Oklahoma","6 km SE of Chickasha, Oklahoma",51,1.82,ml,2026-08-17 23:33:09.769,2026-08-17 23:59:29.178,US,Low
-122.5398330688,38.1561660767,4.4099998474,"M 1.8 - 5 km NNW of Black Point-Green Point, CA","5 km NNW of Black Point-Green Point, CA",52,1.84,md,2026-08-17 23:31:14.680,2026-08-17 23:32:53.637,US,Low
-117.6696666667,35.0435,-0.79,"M 1.4 Quarry Blast - 5 km NNW of Boron, CA","5 km NNW of Boron, CA",29,1.37,ml,2026-08-17 23:30:41.250,2026-08-18 19:47:36.782,US,Low
-155.2428333333,19.3505,28.68,"M 2.0 - 10 km S of Volcano, Hawaii","10 km S of Volcano, Hawaii",58,1.95,md,2026-08-17 23:24:14.910,2026-08-18 01:47:26.510,US,Low
-116.7836666667,33.292,14.33,"M 0.9 - 6 km NNW of Lake Henshaw, CA","6 km NNW of Lake Henshaw, CA",13,0.92,ml,2026-08-17 23:16:19.610,2026-08-18 00:51:22.266,US,Low
-154.4631666667,58.4906666667,2.58,"M 0.4 - 102 km N of Karluk, Alaska","102 km N of Karluk, Alaska",3,0.43,ml,2026-08-17 23:09:54.530,2026-08-18 17:41:37.270,US,Low
-150.949,59.381,34.0,"M 2.0 - 28 km SSE of Halibut Cove, Alaska","28 km SSE of Halibut Cove, Alaska",62,2.0,ml,2026-08-17 23:01:05.773,2026-08-17 23:31:26.923,US,Low
-101.913,32.268,8.0322,"M 0.4 - 19 km NW of Stanton, Texas","19 km NW of Stanton, Texas",2,0.4,ml,2026-08-17 22:59:10.853,2026-08-18 19:31:10.996,US,Low
138.3106,9.638,10.0,"M 5.3 - 24 km ENE of Colonia, Micronesia","24 km ENE of Colonia, Micronesia",433,5.3,mww,2026-08-17 22:53:11.292,2026-08-19 10:24:11.168,FM,Moderate
-164.443,53.423,10.0,"M 2.5 - 118 km SE of Akutan, Alaska","118 km SE of Akutan, Alaska",96,2.5,ml,2026-08-17 22:39:42.493,2026-08-17 23:30:17.831,US,Low
-116.7895,33.3313333333,17.28,"M 1.3 - 7 km ESE of Palomar Observatory, CA","7 km ESE of Palomar Observatory, CA",26,1.29,ml,2026-08-17 22:38:17.800,2026-08-18 00:50:05.236,US,Low
-116.7855,33.3321666667,17.71,"M 0.5 - 8 km ESE of Palomar Observatory, CA","8 km ESE of Palomar Observatory, CA",4,0.52,ml,2026-08-17 22:35:33.210,2026-08-18 00:49:04.196,US,Low
-146.648,66.967,13.0,"M 3.0 - 11 km WSW of Venetie, Alaska","11 km WSW of Venetie, Alaska",138,3.0,ml,2026-08-17 22:35:16.843,2026-08-18 03:06:23.040,US,Moderate
-122.8000030518,38.827167511,1.7200000286,"M 1.5 - 7 km W of Cobb, CA","7 km W of Cobb, CA",36,1.54,md,2026-08-17 22:29:45.580,2026-08-17 22:31:22.355,US,Low
-116.7845,33.3321666667,17.47,"M 0.9 - 8 km ESE of Palomar Observatory, CA","8 km ESE of Palomar Observatory, CA",13,0.93,ml,2026-08-17 22:27:19.560,2026-08-18 00:46:46.907,US,Low
-155.0345,58.3111666667,0.41,"M 0.3 - 89 km NNW of Karluk, Alaska","89 km NNW of Karluk, Alaska",1,0.25,ml,2026-08-17 22:24:12.310,2026-08-18 17:26:37.410,US,Low
-122.7986679077,38.8325004578,2.2599999905,"M 0.5 - 7 km W of Cobb, CA","7 km W of Cobb, CA",3,0.47,md,2026-08-17 22:21:44.180,2026-08-17 22:23:23.027,US,Low
-95.8335,36.25216667,0.0,"M 1.4 Quarry Blast - 2 km SE of Owasso, Oklahoma","2 km SE of Owasso, Oklahoma",28,1.36,ml,2026-08-17 22:18:25.100,2026-08-18 12:09:53.608,US,Low
-116.7986666667,33.3253333333,16.02,"M 2.4 - 7 km ESE of Palomar Observatory, CA","7 km ESE of Palomar Observatory, CA",93,2.42,ml,2026-08-17 22:16:08.300,2026-08-19 00:43:01.042,US,Low
-124.857170105,40.3349990845,14.6700000763,"M 3.2 - 49 km W of Petrolia, CA","49 km W of Petrolia, CA",155,3.17,ml,2026-08-17 22:13:10.050,2026-08-18 03:58:59.040,US,Moderate
-176.031,51.334,32.0,"M 2.2 - 73 km SE of Adak, Alaska","73 km SE of Adak, Alaska",74,2.2,ml,2026-08-17 22:01:56.146,2026-08-17 22:25:16.943,US,Low
-155.239,19.3568333333,29.07,"M 2.0 - 9 km S of Volcano, Hawaii","9 km S of Volcano, Hawaii",63,2.03,md,2026-08-17 22:00:45.440,2026-08-18 19:53:14.970,US,Low
-176.1408333333,52.0878333333,-1.77,"M 0.3 - 41 km NE of Adak, Alaska","41 km NE of Adak, Alaska",1,0.29,ml,2026-08-17 21:58:31.670,2026-08-18 17:17:35.910,US,Low
151.4468,46.4392,93.538,M 5.1 - Kuril Islands,Kuril Islands,400,5.1,mb,2026-08-17 21:36:36.105,2026-08-18 03:48:17.040,JP,Moderate
-95.17166667,35.91016667,0.0,"M 1.4 Quarry Blast - 3 km SW of Hulbert, Oklahoma","3 km SW of Hulbert, Oklahoma",30,1.4,ml,2026-08-17 21:27:35.270,2026-08-17 21:45:07.308,US,Low
-116.7413333333,33.2895,12.8,"M 0.8 - 6 km NNE of Lake Henshaw, CA","6 km NNE of Lake Henshaw, CA",9,0.76,ml,2026-08-17 21:19:00.770,2026-08-18 00:40:08.096,US,Low
-120.4926666667,49.3876666667,-0.36,"M 2.3 Explosion - 7 km S of Princeton, Canada","7 km S of Princeton, Canada",83,2.32,ml,2026-08-17 21:16:54.140,2026-08-19 00:02:18.800,CA,Low
-122.8109970093,38.8386650085,1.6900000572,"M 0.2 - 8 km WNW of Cobb, CA","8 km WNW of Cobb, CA",1,0.23,md,2026-08-17 21:15:51.660,2026-08-17 21:52:20.990,US,Low
-147.977,61.779,32.5,"M 1.5 - 17 km W of Glacier View, Alaska","17 km W of Glacier View, Alaska",35,1.5,ml,2026-08-17 21:13:36.337,2026-08-17 21:55:11.751,US,Low
-104.301,31.661,6.7151,"M 1.7 - 57 km S of Whites City, New Mexico","57 km S of Whites City, New Mexico",44,1.7,ml,2026-08-17 21:10:53.081,2026-08-17 21:21:40.909,US,Low
-96.72716667,34.7125,0.0,"M 1.4 Quarry Blast - 6 km NE of Fitzhugh, Oklahoma","6 km NE of Fitzhugh, Oklahoma",28,1.35,ml,2026-08-17 21:07:33.619,2026-08-18 16:55:59.220,US,Low
-117.8478333333,36.0256666667,2.47,"M 0.9 - 9 km ESE of Coso Junction, CA","9 km ESE of Coso Junction, CA",12,0.89,ml,2026-08-17 21:02:59.810,2026-08-18 00:38:35.949,US,Low
-116.7223333333,46.8681666667,-0.77,"M 2.3 Explosion - 9 km ESE of Princeton, Idaho","9 km ESE of Princeton, Idaho",83,2.32,md,2026-08-17 21:00:07.270,2026-08-18 21:06:00.430,US,Low
-116.4758333333,33.4928333333,14.42,"M 0.7 - 20 km ESE of Anza, CA","20 km ESE of Anza, CA",8,0.72,ml,2026-08-17 20:57:25.290,2026-08-18 00:37:48.164,US,Low
-122.9414978027,38.78150177,4.4499998093,"M 1.3 - 7 km ESE of Cloverdale, CA","7 km ESE of Cloverdale, CA",24,1.26,md,2026-08-17 20:56:05.660,2026-08-18 00:37:21.060,US,Low
-124.0016666667,48.5096666667,3.84,"M 0.6 - 25 km NW of Sooke, Canada","25 km NW of Sooke, Canada",5,0.55,md,2026-08-17 20:43:16.410,2026-08-18 20:54:38.880,CA,Low
-67.148,18.0575,6.09,"M 2.4 - 3 km S of Cabo Rojo, Puerto Rico","3 km S of Cabo Rojo, Puerto Rico",86,2.37,md,2026-08-17 20:40:13.270,2026-08-17 20:53:00.960,PR,Low
-154.894,57.279,57.9,"M 4.5 - 41 km SW of Karluk, Alaska","41 km SW of Karluk, Alaska",313,4.5,ml,2026-08-17 20:35:10.038,2026-08-18 18:21:36.026,US,Moderate
-119.7985,37.0056666667,-0.39,"M 1.7 Quarry Blast - 7 km ENE of Bonadelle Ranchos-Madera Ranchos, CA","7 km ENE of Bonadelle Ranchos-Madera Ranchos, CA",47,1.74,md,2026-08-17 20:22:41.970,2026-08-18 01:32:25.835,US,Low
-155.4681666667,19.211,29.47,"M 1.6 - 1 km NE of Pāhala, Hawaii","1 km NE of Pāhala, Hawaii",38,1.57,md,2026-08-17 20:18:05.980,2026-08-17 23:08:47.960,US,Low
-96.0245,34.66883333,5.0,"M 0.9 - 1 km NNE of Wardville, Oklahoma","1 km NNE of Wardville, Oklahoma",13,0.93,ml,2026-08-17 20:12:54.229,2026-08-18 16:36:31.760,US,Low
-96.19583333,36.25783333,0.0,"M 1.0 Quarry Blast - 11 km ENE of Prue, Oklahoma","11 km ENE of Prue, Oklahoma",17,1.04,ml,2026-08-17 20:00:57.920,2026-08-18 16:32:24.410,US,Low
-121.9416666667,48.085,-0.41,"M 1.5 Explosion - 2 km E of Granite Falls, Washington","2 km E of Granite Falls, Washington",35,1.5,ml,2026-08-17 19:54:18.380,2026-08-17 21:01:46.940,US,Low
-122.1991666667,46.2013333333,-1.08,"M 0.2 - 37 km NNE of Amboy, Washington","37 km NNE of Amboy, Washington",1,0.24,mh,2026-08-17 19:54:09.280,2026-08-17 20:51:49.890,US,Low
-155.5345001221,19.1943340302,-0.4600000083,"M 1.7 - 5 km W of Pāhala, Hawaii","5 km W of Pāhala, Hawaii",44,1.7,md,2026-08-17 19:53:10.980,2026-08-17 19:56:42.500,US,Low
6.791,77.5754,10.0,"M 4.8 - 219 km WSW of Longyearbyen, Svalbard and Jan Mayen","219 km WSW of Longyearbyen, Svalbard and Jan Mayen",355,4.8,mb,2026-08-17 19:51:23.274,2026-08-17 21:43:20.945,SJ,Moderate
-95.22916667,36.256,0.0,"M 1.2 Quarry Blast - 2 km ENE of Sportsmen Acres, Oklahoma","2 km ENE of Sportsmen Acres, Oklahoma",21,1.18,ml,2026-08-17 19:39:02.189,2026-08-18 12:26:36.118,US,Low
-140.895,61.096,5.0,"M 2.4 - 115 km ESE of McCarthy, Alaska","115 km ESE of McCarthy, Alaska",89,2.4,ml,2026-08-17 19:31:37.670,2026-08-17 21:53:47.857,US,Low
-140.883,61.123,5.0,"M 2.3 - 114 km ESE of McCarthy, Alaska","114 km ESE of McCarthy, Alaska",81,2.3,ml,2026-08-17 19:30:55.058,2026-08-17 21:52:24.269,US,Low
-116.7843333333,33.3305,16.83,"M 0.7 - 8 km ESE of Palomar Observatory, CA","8 km ESE of Palomar Observatory, CA",8,0.73,ml,2026-08-17 19:25:22.960,2026-08-17 19:29:30.949,US,Low
-155.8273333333,19.3153333333,23.0,"M 4.1 - 16 km SSE of Honaunau-Napoopoo, Hawaii","16 km SSE of Honaunau-Napoopoo, Hawaii",299,4.06,ml,2026-08-17 19:24:08.290,2026-08-20 06:02:14.197,US,Moderate
-116.784,33.3311666667,17.12,"M 0.7 - 8 km ESE of Palomar Observatory, CA","8 km ESE of Palomar Observatory, CA",7,0.68,ml,2026-08-17 19:21:09.680,2026-08-17 19:29:26.943,US,Low
-116.7113333333,33.6463333333,13.34,"M 0.6 - 10 km S of Idyllwild, CA","10 km S of Idyllwild, CA",6,0.61,ml,2026-08-17 19:18:40.300,2026-08-17 19:29:43.512,US,Low
-122.7991666667,46.006,-0.38,"M 1.8 Explosion - 3 km E of Kalama, Washington","3 km E of Kalama, Washington",51,1.82,ml,2026-08-17 19:13:57.510,2026-08-17 20:57:12.990,US,Low
-122.7453308105,38.7821655273,0.6399999857,"M 0.8 - 1 km ENE of The Geysers, CA","1 km ENE of The Geysers, CA",10,0.79,md,2026-08-17 19:13:06.460,2026-08-17 20:07:21.313,US,Low
-178.861,51.813,1.09,"M 0.2 - 153 km W of Adak, Alaska","153 km W of Adak, Alaska",1,0.21,ml,2026-08-17 19:08:49.560,2026-08-17 22:43:39.770,US,Low
-147.312,61.156,5.6,"M 1.6 - 47 km NW of Tatitlek, Alaska","47 km NW of Tatitlek, Alaska",39,1.6,ml,2026-08-17 19:08:13.212,2026-08-17 21:50:49.577,US,Low
-116.7581666667,33.4931666667,8.55,"M 0.4 - 10 km SW of Anza, CA","10 km SW of Anza, CA",3,0.43,ml,2026-08-17 19:06:36.950,2026-08-17 19:29:47.529,US,Low
-118.798500061,38.0239982605,10.6499996185,"M 2.5 - 28 km SE of Bodie, CA","28 km SE of Bodie, CA",95,2.48,md,2026-08-17 18:52:05.180,2026-08-17 22:37:20.280,US,Low
138.2886,9.7108,10.0,"M 4.9 - 28 km NE of Colonia, Micronesia","28 km NE of Colonia, Micronesia",370,4.9,mb,2026-08-17 18:51:11.299,2026-08-17 20:07:19.013,FM,Moderate
-115.6221666667,32.7728333333,9.75,"M 1.0 - 6 km WSW of El Centro, CA","6 km WSW of El Centro, CA",14,0.97,ml,2026-08-17 18:41:09.270,2026-08-17 19:28:25.194,US,Low
-151.609,59.716,59.3,"M 2.8 - 5 km NNW of Diamond Ridge, Alaska","5 km NNW of Diamond Ridge, Alaska",121,2.8,ml,2026-08-17 18:33:59.199,2026-08-17 21:49:31.977,US,Moderate
-117.691,35.8993333333,4.39,"M 1.1 - 20 km ESE of Little Lake, CA","20 km ESE of Little Lake, CA",20,1.13,ml,2026-08-17 18:27:26.160,2026-08-17 19:30:02.030,US,Low
-116.6948333333,33.372,11.63,"M 0.9 - 11 km NNW of Warner Springs, CA","11 km NNW of Warner Springs, CA",11,0.85,ml,2026-08-17 18:23:02.570,2026-08-17 18:33:40.490,US,Low
-103.813,31.764,6.9202,"M 1.2 - 21 km WNW of Mentone, Texas","21 km WNW of Mentone, Texas",22,1.2,ml,2026-08-17 18:18:13.697,2026-08-19 17:36:19.335,US,Low
-101.094,32.141,7.1777,"M 2.0 - 24 km SSW of Westbrook, Texas","24 km SSW of Westbrook, Texas",62,2.0,ml,2026-08-17 18:17:30.106,2026-08-17 20:23:54.094,US,Low
-169.5305,52.8135,3.81,"M 1.1 - 47 km WSW of Nikolski, Alaska","47 km WSW of Nikolski, Alaska",19,1.11,ml,2026-08-17 18:17:02.690,2026-08-18 08:24:12.250,US,Low
-114.9965,33.055,-0.2,"M 1.2 Quarry Blast - 45 km NE of Holtville, CA","45 km NE of Holtville, CA",21,1.18,ml,2026-08-17 18:14:37.620,2026-08-17 18:51:38.186,MX,Low
117.2457,-7.0242,496.552,"M 4.6 - 155 km N of Pototano, Indonesia","155 km N of Pototano, Indonesia",326,4.6,mb,2026-08-17 18:10:05.545,2026-08-17 18:24:41.040,ID,Moderate
-117.7498333333,34.4085,8.42,"M 0.4 - 10 km WSW of Pinon Hills, CA","10 km WSW of Pinon Hills, CA",3,0.44,ml,2026-08-17 18:08:59.570,2026-08-17 18:44:18.734,US,Low
-155.3176666667,58.1775,1.12,"M -0.1 - 84 km NW of Karluk, Alaska","84 km NW of Karluk, Alaska",0,-0.05,ml,2026-08-17 18:08:07.260,2026-08-17 22:39:39.450,US,Low
-122.4629974365,37.4348335266,7.0100002289,"M 1.3 - 4 km SW of Half Moon Bay, CA","4 km SW of Half Moon Bay, CA",26,1.3,md,2026-08-17 18:06:58.830,2026-08-17 21:47:25.956,US,Low
-66.9606666667,17.9473333333,12.82,"M 2.6 - 6 km WSW of Guánica, Puerto Rico","6 km WSW of Guánica, Puerto Rico",104,2.6,md,2026-08-17 18:03:07.160,2026-08-17 18:52:23.160,PR,Moderate
-97.32866667,36.18516667,7.84,"M 1.4 - 5 km NE of Orlando, Oklahoma","5 km NE of Orlando, Oklahoma",31,1.43,ml,2026-08-17 17:41:46.039,2026-08-17 17:50:38.984,US,Low
-122.810333252,38.8243331909,2.2699999809,"M 1.0 - 7 km NW of The Geysers, CA","7 km NW of The Geysers, CA",14,0.96,md,2026-08-17 17:35:36.140,2026-08-17 18:17:22.579,US,Low
-116.738,33.5271666667,3.95,"M 0.5 - 7 km WSW of Anza, CA","7 km WSW of Anza, CA",4,0.53,ml,2026-08-17 17:34:25.370,2026-08-17 21:20:52.223,US,Low
-116.7121666667,33.6441666667,12.8,"M 0.8 - 11 km NNW of Anza, CA","11 km NNW of Anza, CA",9,0.75,ml,2026-08-17 17:25:25.300,2026-08-17 18:35:24.905,US,Low
-116.619,33.4581666667,8.49,"M 0.6 - 12 km SSE of Anza, CA","12 km SSE of Anza, CA",6,0.64,ml,2026-08-17 17:16:49.920,2026-08-17 18:35:41.614,US,Low
-118.8324966431,37.4478340149,2.4600000381,"M 2.4 - 18 km SW of Toms Place, CA","18 km SW of Toms Place, CA",92,2.44,md,2026-08-17 17:11:58.210,2026-08-17 20:27:21.442,US,Low
-95.9985,34.6835,5.0,"M 1.2 - 4 km NE of Wardville, Oklahoma","4 km NE of Wardville, Oklahoma",21,1.18,ml,2026-08-17 17:08:20.120,2026-08-18 15:50:37.174,US,Low
-122.1825,46.2078333333,-1.64,"M 0.2 - 38 km NNE of Amboy, Washington","38 km NNE of Amboy, Washington",0,0.17,mh,2026-08-17 16:59:39.970,2026-08-17 19:21:05.600,US,Low
-116.6923333333,33.6826666667,15.59,"M 0.5 - 7 km SSE of Idyllwild, CA","7 km SSE of Idyllwild, CA",4,0.48,ml,2026-08-17 16:54:32.530,2026-08-17 18:35:57.443,US,Low
-150.739,60.764,47.7,"M 2.0 - 17 km S of Point Possession, Alaska","17 km S of Point Possession, Alaska",62,2.0,ml,2026-08-17 16:54:15.478,2026-08-17 21:47:25.508,US,Low
-116.6806666667,33.6903333333,17.44,"M 0.7 - 7 km SSE of Idyllwild, CA","7 km SSE of Idyllwild, CA",6,0.65,ml,2026-08-17 16:45:05.780,2026-08-17 18:36:05.454,US,Low
-116.6941666667,33.6825,16.23,"M 0.6 - 7 km SSE of Idyllwild, CA","7 km SSE of Idyllwild, CA",6,0.63,ml,2026-08-17 16:38:26.990,2026-08-17 18:36:01.468,US,Low
-96.79233333,34.322,0.0,"M 1.1 Quarry Blast - 9 km SSE of Mill Creek, Oklahoma","9 km SSE of Mill Creek, Oklahoma",20,1.14,ml,2026-08-17 16:36:39.530,2026-08-18 15:46:35.067,US,Low
-101.395,32.09,9.7412,"M 1.3 - 3 km SW of Forsan, Texas","3 km SW of Forsan, Texas",26,1.3,ml,2026-08-17 16:28:37.714,2026-08-17 17:19:47.824,US,Low
-116.7156666667,32.5756666667,4.96,"M 0.9 - 8 km W of Tecate, B.C., MX","8 km W of Tecate, B.C., MX",11,0.86,ml,2026-08-17 16:25:53.150,2026-08-17 21:24:10.439,MX,Low
-99.005,28.812,7.5671,"M 1.9 - 12 km SE of Pearsall, Texas","12 km SE of Pearsall, Texas",56,1.9,ml,2026-08-17 16:22:57.598,2026-08-17 21:33:26.081,US,Low
-121.2398300171,36.6238327026,6.9600000381,"M 1.3 - 13 km NW of Pinnacles, CA","13 km NW of Pinnacles, CA",25,1.28,md,2026-08-17 16:20:13.650,2026-08-17 19:27:21.009,US,Low
-110.9995,44.7605,9.94,"M 1.4 - 13 km NE of West Yellowstone, Montana","13 km NE of West Yellowstone, Montana",31,1.42,ml,2026-08-17 16:12:31.060,2026-08-17 17:23:13.790,US,Low
-98.982,28.834,8.811,"M 2.0 - 12 km ESE of Pearsall, Texas","12 km ESE of Pearsall, Texas",62,2.0,ml,2026-08-17 16:10:33.829,2026-08-17 21:07:11.611,US,Low
-95.97416667,34.68966667,7.5,"M 1.3 - 6 km NE of Wardville, Oklahoma","6 km NE of Wardville, Oklahoma",24,1.26,ml,2026-08-17 16:08:46.759,2026-08-17 16:20:43.718,US,Low
-122.8513336182,38.8219985962,2.5,"M 0.8 - 10 km WNW of The Geysers, CA","10 km WNW of The Geysers, CA",9,0.76,md,2026-08-17 16:05:40.120,2026-08-17 16:27:23.842,US,Low
-66.9155,17.9688333333,14.84,"M 2.3 - 0 km WSW of Guánica, Puerto Rico","0 km WSW of Guánica, Puerto Rico",80,2.28,md,2026-08-17 15:41:00.740,2026-08-17 16:10:44.670,PR,Low
-103.605,31.401,1.806,"M 1.5 - 7 km WNW of Lindsay, Texas","7 km WNW of Lindsay, Texas",35,1.5,ml,2026-08-17 15:22:47.812,2026-08-17 16:47:30.451,US,Low
-117.8418333333,36.0675,2.47,"M 0.7 - 10 km ENE of Coso Junction, CA","10 km ENE of Coso Junction, CA",8,0.73,ml,2026-08-17 14:50:44.790,2026-08-17 18:36:16.526,US,Low
-155.3056666667,58.194,2.38,"M 0.2 - 85 km NW of Karluk, Alaska","85 km NW of Karluk, Alaska",1,0.24,ml,2026-08-17 14:48:55.670,2026-08-18 07:17:08.960,US,Low
-150.145,63.402,118.7,"M 2.2 - 59 km W of Cantwell, Alaska","59 km W of Cantwell, Alaska",74,2.2,ml,2026-08-17 14:16:40.216,2026-08-17 21:46:04.793,US,Low
-118.836,37.5305,4.08,"M 1.4 - 14 km WSW of Toms Place, CA","14 km WSW of Toms Place, CA",28,1.36,md,2026-08-17 14:15:24.150,2026-08-19 22:22:20.485,US,Low
-118.0911666667,36.1858333333,4.11,"M 1.8 - 13 km SW of Olancha, CA","13 km SW of Olancha, CA",48,1.77,ml,2026-08-17 14:13:36.930,2026-08-17 15:28:13.680,US,Low
121.3679,-8.3871,10.0,"M 4.4 - 59 km NNW of Ende, Indonesia","59 km NNW of Ende, Indonesia",298,4.4,mb,2026-08-17 14:12:28.370,2026-08-17 16:23:57.040,ID,Moderate
-122.814666748,38.8074989319,3.4700000286,"M 0.7 - 6 km WNW of The Geysers, CA","6 km WNW of The Geysers, CA",8,0.71,md,2026-08-17 14:09:37.020,2026-08-17 14:32:22.040,US,Low
120.4472,-8.3182,10.0,"M 5.0 - 32 km N of Ruteng, Indonesia","32 km N of Ruteng, Indonesia",385,5.0,mb,2026-08-17 13:58:34.474,2026-08-17 15:02:01.040,ID,Moderate
-152.5115,60.5345,10.24,"M 1.3 - 65 km W of Salamatof, Alaska","65 km W of Salamatof, Alaska",26,1.3,ml,2026-08-17 13:51:54.280,2026-08-18 07:13:37.700,US,Low
-112.8861666667,38.5066666667,1.7,"M 1.1 - 16 km NE of Milford, Utah","16 km NE of Milford, Utah",18,1.09,ml,2026-08-17 13:41:33.440,2026-08-17 16:46:23.690,US,Low
-141.255,60.313,14.2,"M 2.3 - 120 km NW of Yakutat, Alaska","120 km NW of Yakutat, Alaska",81,2.3,ml,2026-08-17 13:39:29.901,2026-08-17 21:43:56.524,US,Low
-176.1876666667,52.0993333333,8.13,"M 0.0 - 39 km NE of Adak, Alaska","39 km NE of Adak, Alaska",0,-0.02,ml,2026-08-17 13:17:26.800,2026-08-18 18:06:08.700,US,Low
-122.7578353882,38.7933349609,0.1800000072,"M 0.8 - 2 km N of The Geysers, CA","2 km N of The Geysers, CA",9,0.76,md,2026-08-17 13:16:49.410,2026-08-17 13:18:27.991,US,Low
-121.1676635742,36.5836677551,4.1700000763,"M 1.9 - 6 km NNW of Pinnacles, CA","6 km NNW of Pinnacles, CA",55,1.89,md,2026-08-17 13:13:43.590,2026-08-17 17:17:26.173,US,Low
-122.7686691284,38.7878341675,1.4400000572,"M 0.4 - 2 km NW of The Geysers, CA","2 km NW of The Geysers, CA",3,0.41,md,2026-08-17 13:12:28.480,2026-08-17 14:07:22.871,US,Low
-154.3663333333,58.4441666667,6.04,"M 0.8 - 95 km WNW of Aleneva, Alaska","95 km WNW of Aleneva, Alaska",10,0.8,ml,2026-08-17 13:11:20.100,2026-08-18 06:17:34.320,US,Low
-122.7655029297,38.8231658936,2.1600000858,"M 1.1 - 4 km W of Cobb, CA","4 km W of Cobb, CA",19,1.12,md,2026-08-17 13:09:33.670,2026-08-17 16:47:23.961,US,Low
-66.976,17.9645,8.74,"M 2.4 - 6 km WSW of Fuig, Puerto Rico","6 km WSW of Fuig, Puerto Rico",87,2.38,md,2026-08-17 13:03:33.720,2026-08-17 13:30:31.300,PR,Low
-122.8533325195,38.8250007629,2.4200000763,"M 0.3 - 10 km WNW of The Geysers, CA","10 km WNW of The Geysers, CA",1,0.28,md,2026-08-17 13:00:26.640,2026-08-17 13:37:20.672,US,Low
-103.407,30.951,4.5618,"M 1.3 - 32 km E of Balmorhea, Texas","32 km E of Balmorhea, Texas",26,1.3,ml,2026-08-17 12:59:43.004,2026-08-17 20:45:02.951,US,Low
120.6721,-8.2712,30.025,"M 4.9 - 44 km NNE of Ruteng, Indonesia","44 km NNE of Ruteng, Indonesia",369,4.9,mb,2026-08-17 12:51:05.572,2026-08-17 13:23:33.040,ID,Moderate
-122.7266693115,38.7579994202,1.9600000381,"M 0.8 - 3 km SE of The Geysers, CA","3 km SE of The Geysers, CA",11,0.84,md,2026-08-17 12:43:16.440,2026-08-17 12:44:52.719,US,Low
-116.6328333333,32.6905,22.26,"M 1.4 - 14 km N of Tecate, B.C., MX","14 km N of Tecate, B.C., MX",30,1.39,ml,2026-08-17 12:41:58.080,2026-08-17 15:21:44.495,MX,Low
120.3701,-8.0024,10.0,"M 4.9 - 68 km N of Ruteng, Indonesia","68 km N of Ruteng, Indonesia",369,4.9,mb,2026-08-17 12:39:35.566,2026-08-17 13:30:06.040,ID,Moderate
159.7106,53.024,54.741,"M 5.8 - 72 km E of Petropavlovsk-Kamchatsky, Russia","72 km E of Petropavlovsk-Kamchatsky, Russia",518,5.8,mww,2026-08-17 12:38:03.466,2026-08-18 12:47:41.961,RU,High
-168.1355,53.3703333333,19.63,"M 0.4 - 68 km NE of Nikolski, Alaska","68 km NE of Nikolski, Alaska",2,0.39,ml,2026-08-17 12:36:53.900,2026-08-18 07:10:07.410,US,Low
-168.1405,53.334,19.78,"M 0.6 - 65 km NE of Nikolski, Alaska","65 km NE of Nikolski, Alaska",5,0.56,ml,2026-08-17 12:35:21.190,2026-08-18 06:58:36.620,US,Low
-168.1495,53.3306666667,19.58,"M 0.1 - 64 km NE of Nikolski, Alaska","64 km NE of Nikolski, Alaska",0,0.07,ml,2026-08-17 12:34:44.050,2026-08-18 06:51:06.130,US,Low
-155.9808333333,19.3881666667,22.7,"M 2.4 - 13 km SSW of Captain Cook, Hawaii","13 km SSW of Captain Cook, Hawaii",91,2.43,ml,2026-08-17 12:30:51.000,2026-08-18 21:16:20.270,US,Low
-102.094,32.35,7.2021,"M 0.1 - 37 km NW of Stanton, Texas","37 km NW of Stanton, Texas",0,0.1,ml,2026-08-17 12:25:20.374,2026-08-17 20:50:04.564,US,Low
-145.377,69.66,8.8,"M 3.6 - 85 km SW of Kaktovik, Alaska","85 km SW of Kaktovik, Alaska",199,3.6,ml,2026-08-17 12:18:20.553,2026-08-17 18:54:24.163,US,Moderate
-104.145,31.543,9.5477,"M 2.0 - 41 km NW of Toyah, Texas","41 km NW of Toyah, Texas",62,2.0,ml,2026-08-17 12:17:50.832,2026-08-17 14:48:05.397,US,Low
-117.5718333333,35.677,7.3,"M 0.5 - 11 km ENE of Ridgecrest, CA","11 km ENE of Ridgecrest, CA",4,0.53,ml,2026-08-17 12:15:08.200,2026-08-17 12:56:43.630,US,Low
-117.2511666667,34.0486666667,16.18,"M 1.1 - 1 km E of Loma Linda, CA","1 km E of Loma Linda, CA",18,1.07,ml,2026-08-17 12:13:28.220,2026-08-17 12:52:35.160,US,Low
-104.142,31.546,9.5477,"M 1.7 - 41 km NW of Toyah, Texas","41 km NW of Toyah, Texas",44,1.7,ml,2026-08-17 12:11:40.684,2026-08-17 14:56:05.426,US,Low
-122.0621666667,48.5303333333,7.29,"M 1.1 - 0 km N of Lyman, Washington","0 km N of Lyman, Washington",19,1.12,ml,2026-08-17 12:10:18.770,2026-08-17 20:23:44.300,US,Low
-120.487,34.5343333333,6.8,"M 2.5 - 12 km SSW of Lompoc, CA","12 km SSW of Lompoc, CA",99,2.54,ml,2026-08-17 12:08:23.600,2026-08-17 14:08:05.179,US,Low
-104.136,31.542,8.9709,"M 1.7 - 41 km NW of Toyah, Texas","41 km NW of Toyah, Texas",44,1.7,ml,2026-08-17 11:54:57.163,2026-08-17 14:36:41.155,US,Low
-122.8046646118,38.8219985962,3.1199998856,"M 0.8 - 6 km NW of The Geysers, CA","6 km NW of The Geysers, CA",11,0.83,md,2026-08-17 11:52:14.130,2026-08-17 11:53:47.256,US,Low
-122.8041687012,38.8223342896,3.1300001144,"M 1.5 - 6 km NW of The Geysers, CA","6 km NW of The Geysers, CA",36,1.54,md,2026-08-17 11:51:58.500,2026-08-17 13:22:19.555,US,Low
-116.5405,32.3785,16.33,"M 1.5 - 23 km SSE of Tecate, B.C., MX","23 km SSE of Tecate, B.C., MX",33,1.46,ml,2026-08-17 11:36:23.630,2026-08-17 17:36:02.505,MX,Low
-116.7315,33.5325,2.91,"M 0.3 - 6 km WSW of Anza, CA","6 km WSW of Anza, CA",2,0.32,ml,2026-08-17 11:24:55.390,2026-08-17 12:52:39.238,US,Low
-104.129,31.538,8.7787,"M 1.8 - 40 km NW of Toyah, Texas","40 km NW of Toyah, Texas",50,1.8,ml,2026-08-17 11:22:04.741,2026-08-17 14:16:44.140,US,Low
-179.0271666667,51.7328333333,7.94,"M 1.1 - 165 km W of Adak, Alaska","165 km W of Adak, Alaska",18,1.07,ml,2026-08-17 11:21:30.200,2026-08-18 05:57:04.180,US,Low
-121.1591644287,36.5606651306,2.2000000477,"M 2.1 - 4 km NNW of Pinnacles, CA","4 km NNW of Pinnacles, CA",70,2.13,md,2026-08-17 11:11:18.000,2026-08-17 14:57:22.206,US,Low
-98.041,35.6135,6.58,"M 1.1 - 7 km E of Calumet, Oklahoma","7 km E of Calumet, Oklahoma",18,1.07,ml,2026-08-17 11:10:43.439,2026-08-18 15:43:20.015,US,Low
149.3577,-6.3769,35.0,"M 5.1 - 28 km SW of Kandrian, Papua New Guinea","28 km SW of Kandrian, Papua New Guinea",400,5.1,mb,2026-08-17 11:00:23.022,2026-08-17 11:19:35.040,PG,Moderate
-115.529,32.9488333333,11.96,"M 2.1 - 3 km S of Brawley, CA","3 km S of Brawley, CA",65,2.06,ml,2026-08-17 10:50:54.750,2026-08-17 14:40:40.230,US,Low
-155.3336639404,19.0141658783,24.8500003815,"M 1.7 - 25 km SE of Pāhala, Hawaii","25 km SE of Pāhala, Hawaii",46,1.72,md,2026-08-17 10:50:25.820,2026-08-17 10:54:38.690,US,Low
120.4324,-7.9289,10.0,"M 5.4 - 75 km N of Ruteng, Indonesia","75 km N of Ruteng, Indonesia",449,5.4,mb,2026-08-17 10:44:49.886,2026-08-18 10:50:59.262,ID,Moderate
120.5019,-7.8762,10.0,"M 5.2 - 81 km N of Ruteng, Indonesia","81 km N of Ruteng, Indonesia",416,5.2,mb,2026-08-17 10:42:41.971,2026-08-17 10:59:05.040,ID,Moderate
-121.4309997559,36.9411659241,7.4699997902,"M 1.3 - 11 km NNW of Hollister, CA","11 km NNW of Hollister, CA",25,1.28,md,2026-08-17 10:34:53.900,2026-08-17 13:17:24.516,US,Low
-116.3351666667,32.9386666667,8.13,"M 0.8 - 22 km NE of Pine Valley, CA","22 km NE of Pine Valley, CA",9,0.78,ml,2026-08-17 10:22:11.240,2026-08-17 12:52:55.889,US,Low
-117.4753333333,34.1286666667,5.11,"M 0.5 - 4 km NNW of Fontana, CA","4 km NNW of Fontana, CA",4,0.53,ml,2026-08-17 10:15:50.390,2026-08-17 21:29:28.497,US,Low
-116.2528333333,33.349,10.57,"M 0.3 - 15 km NE of Borrego Springs, CA","15 km NE of Borrego Springs, CA",2,0.34,ml,2026-08-17 10:13:06.820,2026-08-17 12:53:11.755,US,Low
-110.6686666667,44.3856666667,3.52,"M 1.5 - 46 km SE of West Yellowstone, Montana","46 km SE of West Yellowstone, Montana",33,1.47,ml,2026-08-17 10:12:54.340,2026-08-17 13:24:37.880,US,Low
-103.707,32.058,7.9968,"M 1.2 - 39 km ESE of Malaga, New Mexico","39 km ESE of Malaga, New Mexico",22,1.2,ml,2026-08-17 10:10:21.613,2026-08-17 14:47:46.558,US,Low
-104.125,31.541,8.2019,"M 2.2 - 40 km NW of Toyah, Texas","40 km NW of Toyah, Texas",74,2.2,ml,2026-08-17 09:56:14.935,2026-08-17 14:10:55.561,US,Low
-120.4756666667,34.5345,4.81,"M 2.7 - 12 km S of Lompoc, CA","12 km S of Lompoc, CA",109,2.66,ml,2026-08-17 09:42:46.870,2026-08-17 18:10:58.707,US,Moderate
-116.8255,33.7243333333,14.52,"M 0.5 - 7 km ESE of Valle Vista, CA","7 km ESE of Valle Vista, CA",4,0.54,ml,2026-08-17 09:42:28.660,2026-08-17 12:53:19.786,US,Low
-95.982,34.685,16.0,"M 1.2 - 5 km NE of Wardville, Oklahoma","5 km NE of Wardville, Oklahoma",23,1.21,ml,2026-08-17 09:33:19.109,2026-08-17 12:49:34.919,US,Low
-152.817,59.853,102.1,"M 2.9 - 55 km W of Anchor Point, Alaska","55 km W of Anchor Point, Alaska",129,2.9,ml,2026-08-17 09:23:55.901,2026-08-17 19:27:21.855,US,Moderate
-102.079,32.35,5.9326,"M 0.4 - 36 km NW of Stanton, Texas","36 km NW of Stanton, Texas",2,0.4,ml,2026-08-17 09:23:04.438,2026-08-17 14:53:19.991,US,Low
121.5192,-8.3911,10.0,"M 4.8 - 52 km NNW of Ende, Indonesia","52 km NNW of Ende, Indonesia",354,4.8,mb,2026-08-17 09:16:05.268,2026-08-17 09:34:54.040,ID,Moderate
-122.7584991455,38.7939987183,0.9599999785,"M 0.5 - 2 km N of The Geysers, CA","2 km N of The Geysers, CA",3,0.45,md,2026-08-17 09:08:56.470,2026-08-17 09:57:23.143,US,Low
-148.858,62.757,5.3,"M 1.8 - 70 km S of Cantwell, Alaska","70 km S of Cantwell, Alaska",50,1.8,ml,2026-08-17 09:03:17.059,2026-08-17 19:25:56.046,US,Low
121.1463,-8.3011,23.728,"M 4.5 - 82 km ENE of Ruteng, Indonesia","82 km ENE of Ruteng, Indonesia",312,4.5,mb,2026-08-17 08:52:00.116,2026-08-18 07:38:22.040,ID,Moderate
-177.1818333333,51.735,10.86,"M 0.8 - 40 km WSW of Adak, Alaska","40 km WSW of Adak, Alaska",10,0.81,ml,2026-08-17 08:49:23.420,2026-08-18 05:20:31.310,US,Low
-122.7901687622,38.8371658325,1.8999999762,"M 1.0 - 6 km WNW of Cobb, CA","6 km WNW of Cobb, CA",16,1.02,md,2026-08-17 08:43:55.820,2026-08-17 09:32:23.969,US,Low
-179.6951,-23.9232,516.333,M 4.4 - south of the Fiji Islands,south of the Fiji Islands,298,4.4,mb,2026-08-17 08:38:58.769,2026-08-17 09:06:26.040,TO,Moderate
-120.4803333333,34.5348333333,5.2,"M 1.9 - 12 km S of Lompoc, CA","12 km S of Lompoc, CA",53,1.86,ml,2026-08-17 08:38:06.220,2026-08-17 14:51:23.454,US,Low
-116.5823333333,33.0368333333,12.83,"M 0.9 - 5 km SSE of Julian, CA","5 km SSE of Julian, CA",12,0.89,ml,2026-08-17 08:34:19.790,2026-08-17 12:53:15.738,US,Low
-116.2466666667,32.9163333333,6.13,"M 0.5 - 27 km SSW of Ocotillo Wells, CA","27 km SSW of Ocotillo Wells, CA",4,0.49,ml,2026-08-17 08:27:11.230,2026-08-17 21:14:48.873,US,Low
-121.9988327026,37.9566650391,15.8000001907,"M 1.1 - 2 km SE of Concord, CA","2 km SE of Concord, CA",19,1.12,md,2026-08-17 08:22:08.900,2026-08-17 10:57:19.539,US,Low
-111.0001666667,44.761,8.62,"M 0.2 - 13 km NE of West Yellowstone, Montana","13 km NE of West Yellowstone, Montana",1,0.22,ml,2026-08-17 08:21:34.300,2026-08-17 17:05:26.560,US,Low
-95.9915,34.68383333,5.0,"M 1.3 - 4 km NE of Wardville, Oklahoma","4 km NE of Wardville, Oklahoma",26,1.31,ml,2026-08-17 08:20:33.060,2026-08-17 12:39:22.580,US,Low
-121.9961700439,37.9486656189,14.6300001144,"M 2.6 - 3 km SE of Concord, CA","3 km SE of Concord, CA",109,2.61,md,2026-08-17 08:18:41.880,2026-08-18 07:42:33.101,US,Moderate
-111.4156666667,46.0585,3.5,"M 2.1 - 4 km NW of Ponderosa Pines, Montana","4 km NW of Ponderosa Pines, Montana",69,2.12,ml,2026-08-17 08:17:05.660,2026-08-17 23:04:49.720,US,Low
-122.7693333333,38.7888333333,1.87,"M 0.3 - 2 km NW of The Geysers, CA","2 km NW of The Geysers, CA",1,0.27,md,2026-08-17 08:14:06.760,2026-08-19 19:35:41.110,US,Low
-113.8873333333,47.3386666667,9.17,"M 1.2 - 15 km E of Saint Ignatius, Montana","15 km E of Saint Ignatius, Montana",22,1.19,ml,2026-08-17 08:05:59.150,2026-08-19 17:25:42.090,US,Low
-64.4056,18.9161,14.0,"M 3.8 - 76 km NNE of Cruz Bay, U.S. Virgin Islands","76 km NNE of Cruz Bay, U.S. Virgin Islands",218,3.76,md,2026-08-17 08:02:56.680,2026-08-17 11:06:41.445,VG,Moderate
-116.3476666667,33.323,10.51,"M 0.5 - 8 km NNE of Borrego Springs, CA","8 km NNE of Borrego Springs, CA",4,0.54,ml,2026-08-17 08:01:36.670,2026-08-17 12:53:30.585,US,Low
-116.2441666667,32.9118333333,7.94,"M 0.7 - 28 km SSW of Ocotillo Wells, CA","28 km SSW of Ocotillo Wells, CA",8,0.7,ml,2026-08-17 08:00:47.330,2026-08-17 12:53:38.598,US,Low
-67.05,-21.4941,239.64,"M 4.3 - 105 km SW of Atocha, Bolivia","105 km SW of Atocha, Bolivia",284,4.3,mb,2026-08-17 07:59:11.959,2026-08-18 07:09:22.040,BO,Moderate
-104.132,31.538,8.9709,"M 1.5 - 40 km NW of Toyah, Texas","40 km NW of Toyah, Texas",35,1.5,ml,2026-08-17 07:55:57.702,2026-08-17 14:40:17.052,US,Low
-97.972,35.96983333,5.49,"M 0.6 - 5 km WSW of Dover, Oklahoma","5 km WSW of Dover, Oklahoma",6,0.63,ml,2026-08-17 07:46:26.140,2026-08-18 15:36:21.281,US,Low
-122.7928314209,38.799331665,3.4500000477,"M 1.0 - 4 km NW of The Geysers, CA","4 km NW of The Geysers, CA",14,0.97,md,2026-08-17 07:45:55.930,2026-08-17 08:22:21.500,US,Low
-108.6188,39.2582,1.264,"M 2.0 - 14 km NE of Fruita, Colorado","14 km NE of Fruita, Colorado",62,2.0,ml,2026-08-17 07:44:47.769,2026-08-17 08:24:22.040,US,Low
135.6311,34.8761,370.457,"M 4.6 - 3 km NNE of Takatsuki, Japan","3 km NNE of Takatsuki, Japan",326,4.6,mb,2026-08-17 07:36:19.104,2026-08-18 08:06:03.103,JP,Moderate
-122.8038330078,38.8255004883,2.4500000477,"M 0.7 - 7 km NW of The Geysers, CA","7 km NW of The Geysers, CA",8,0.74,md,2026-08-17 07:32:51.070,2026-08-17 08:12:23.438,US,Low
-155.2513275146,19.3043327332,3.8099999428,"M 1.9 - 15 km S of Volcano, Hawaii","15 km S of Volcano, Hawaii",53,1.86,md,2026-08-17 07:29:32.890,2026-08-17 07:33:40.710,US,Low
-111.4371666667,46.0591666667,3.42,"M 0.9 - 6 km WNW of Ponderosa Pines, Montana","6 km WNW of Ponderosa Pines, Montana",13,0.93,ml,2026-08-17 07:26:19.830,2026-08-19 17:16:41.440,US,Low
-123.2666702271,39.3260002136,6.5399999619,"M 1.4 - 9 km NW of Redwood Valley, CA","9 km NW of Redwood Valley, CA",31,1.41,md,2026-08-17 07:25:51.950,2026-08-17 09:47:29.073,US,Low
-95.99266667,34.70283333,5.0,"M 1.2 - 6 km NNE of Wardville, Oklahoma","6 km NNE of Wardville, Oklahoma",21,1.16,ml,2026-08-17 07:24:05.009,2026-08-18 15:25:31.654,US,Low
-155.2573394775,19.2889995575,13.2399997711,"M 2.0 - 17 km S of Volcano, Hawaii","17 km S of Volcano, Hawaii",60,1.98,md,2026-08-17 07:22:18.510,2026-08-17 07:26:26.010,US,Low
121.2007,-8.5254,28.252,"M 4.9 - 61 km NW of Ende, Indonesia","61 km NW of Ende, Indonesia",369,4.9,mb,2026-08-17 07:20:32.272,2026-08-17 07:57:03.040,ID,Moderate
-122.8245010376,38.8436660767,2.0599999428,"M 0.9 - 9 km WNW of Cobb, CA","9 km WNW of Cobb, CA",13,0.92,md,2026-08-17 07:19:36.210,2026-08-17 09:17:27.870,US,Low
-149.615,62.852,89.6,"M 3.0 - 51 km NNE of Chase, Alaska","51 km NNE of Chase, Alaska",138,3.0,ml,2026-08-17 07:17:16.716,2026-08-18 07:51:51.040,US,Moderate
147.0932,14.5955,10.0,"M 4.8 - 159 km ESE of Saipan, Northern Mariana Islands","159 km ESE of Saipan, Northern Mariana Islands",354,4.8,mb,2026-08-17 06:55:11.062,2026-08-17 10:02:43.040,MP,Moderate
-118.0443333333,35.9496666667,3.79,"M 1.0 - 12 km W of Little Lake, CA","12 km W of Little Lake, CA",14,0.97,ml,2026-08-17 06:50:25.060,2026-08-17 12:53:34.642,US,Low
-150.871,59.967,15.5,"M 2.5 - 13 km NNE of Fox River, Alaska","13 km NNE of Fox River, Alaska",96,2.5,ml,2026-08-17 06:50:05.442,2026-08-17 19:24:08.644,US,Low
-118.4128333333,33.8913333333,13.31,"M 1.3 - 1 km NNW of Manhattan Beach, CA","1 km NNW of Manhattan Beach, CA",27,1.32,ml,2026-08-17 06:47:04.740,2026-08-17 15:20:28.323,US,Low
-104.138,31.538,9.1248,"M 1.5 - 41 km NW of Toyah, Texas","41 km NW of Toyah, Texas",35,1.5,ml,2026-08-17 06:45:00.304,2026-08-19 17:59:31.218,US,Low
-122.7836685181,38.8346672058,2.6600000858,"M 0.9 - 5 km WNW of Cobb, CA","5 km WNW of Cobb, CA",12,0.9,md,2026-08-17 06:38:25.930,2026-08-17 07:32:24.159,US,Low
-117.4833333333,33.9745,2.63,"M 0.5 - 1 km W of Pedley, CA","1 km W of Pedley, CA",4,0.5,ml,2026-08-17 06:27:25.050,2026-08-17 23:25:37.608,US,Low
-155.374,58.1698333333,1.39,"M 0.3 - 86 km NW of Karluk, Alaska","86 km NW of Karluk, Alaska",1,0.26,ml,2026-08-17 06:26:00.640,2026-08-18 00:08:46.140,US,Low
-122.8115005493,38.8366661072,1.7899999619,"M 0.7 - 8 km WNW of Cobb, CA","8 km WNW of Cobb, CA",7,0.69,md,2026-08-17 06:25:49.800,2026-08-17 07:22:21.078,US,Low
-95.99966667,34.68833333,5.32,"M 1.1 - 4 km NE of Wardville, Oklahoma","4 km NE of Wardville, Oklahoma",20,1.14,ml,2026-08-17 06:24:33.789,2026-08-18 15:21:15.593,US,Low
-122.8106689453,38.8359985352,2.0299999714,"M 1.5 - 8 km WNW of Cobb, CA","8 km WNW of Cobb, CA",33,1.46,md,2026-08-17 06:23:48.670,2026-08-17 08:52:20.705,US,Low
-122.8123321533,38.8228340149,2.7999999523,"M 0.5 - 7 km NW of The Geysers, CA","7 km NW of The Geysers, CA",4,0.49,md,2026-08-17 06:22:34.420,2026-08-17 06:57:21.903,US,Low
-153.081,59.9971666667,1.9,"M -0.3 - 61 km ENE of Pedro Bay, Alaska","61 km ENE of Pedro Bay, Alaska",0,-0.32,ml,2026-08-17 06:20:58.430,2026-08-18 00:05:15.730,US,Low
-110.3433333333,44.6293333333,4.58,"M 0.9 - 47 km SE of Mammoth, Wyoming","47 km SE of Mammoth, Wyoming",12,0.87,ml,2026-08-17 06:20:57.800,2026-08-17 13:44:15.200,US,Low
-153.0836666667,59.9986666667,2.0,"M -0.1 - 61 km ENE of Pedro Bay, Alaska","61 km ENE of Pedro Bay, Alaska",0,-0.14,ml,2026-08-17 06:19:24.990,2026-08-18 00:03:15.530,US,Low
-176.183,52.1083333333,9.19,"M 0.3 - 40 km NE of Adak, Alaska","40 km NE of Adak, Alaska",2,0.34,ml,2026-08-17 06:14:45.960,2026-08-18 00:01:46.320,US,Low
-122.75050354,38.7750015259,1.7999999523,"M 0.7 - 1 km ESE of The Geysers, CA","1 km ESE of The Geysers, CA",8,0.71,md,2026-08-17 06:11:02.470,2026-08-17 07:57:22.337,US,Low
178.456,51.9636666667,2.42,"M -0.5 - Rat Islands, Aleutian Islands, Alaska","Rat Islands, Aleutian Islands, Alaska",0,-0.48,ml,2026-08-17 06:09:09.860,2026-08-18 00:14:46.780,RU,Low
178.4378333333,51.9801666667,1.34,"M -0.2 - Rat Islands, Aleutian Islands, Alaska","Rat Islands, Aleutian Islands, Alaska",0,-0.16,ml,2026-08-17 06:08:39.160,2026-08-18 00:12:46.450,RU,Low
-117.8895,36.104,2.72,"M 0.8 - 8 km NE of Coso Junction, CA","8 km NE of Coso Junction, CA",10,0.81,ml,2026-08-17 06:07:33.140,2026-08-17 12:54:18.908,US,Low
-117.8405,36.0653333333,2.62,"M 0.3 - 10 km ENE of Coso Junction, CA","10 km ENE of Coso Junction, CA",1,0.3,ml,2026-08-17 06:01:25.650,2026-08-18 19:27:02.223,US,Low
-111.9256666667,45.6903333333,4.59,"M 1.3 - 4 km NW of Pony, Montana","4 km NW of Pony, Montana",25,1.28,ml,2026-08-17 06:00:44.520,2026-08-19 17:01:40.460,US,Low
-150.546,63.587,4.0,"M 1.9 - 58 km E of Denali National Park, Alaska","58 km E of Denali National Park, Alaska",56,1.9,ml,2026-08-17 06:00:36.507,2026-08-17 19:16:27.628,US,Low
-66.8228333333,18.0075,16.05,"M 2.1 - 1 km NNW of Indios, Puerto Rico","1 km NNW of Indios, Puerto Rico",69,2.12,md,2026-08-17 05:57:26.450,2026-08-17 11:16:48.790,PR,Low
-116.7786666667,33.6575,12.78,"M 0.4 - 11 km SSW of Idyllwild, CA","11 km SSW of Idyllwild, CA",2,0.38,ml,2026-08-17 05:51:57.870,2026-08-17 12:54:34.729,US,Low
-103.36,31.171,1.8958,"M 1.7 - 27 km SE of Lindsay, Texas","27 km SE of Lindsay, Texas",44,1.7,ml,2026-08-17 05:49:08.276,2026-08-17 08:48:14.568,US,Low
-97.79666667,35.2645,5.77,"M 0.5 - 3 km SSE of Tuttle, Oklahoma","3 km SSE of Tuttle, Oklahoma",4,0.49,ml,2026-08-17 05:36:51.659,2026-08-18 12:35:15.683,US,Low
-122.323,47.4638333333,29.57,"M 1.3 - 1 km ESE of Burien, Washington","1 km ESE of Burien, Washington",25,1.28,ml,2026-08-17 05:28:56.910,2026-08-17 18:47:28.640,US,Low
-117.8406666667,36.0648333333,2.58,"M 1.6 - 10 km ENE of Coso Junction, CA","10 km ENE of Coso Junction, CA",41,1.63,ml,2026-08-17 05:26:48.670,2026-08-17 12:54:48.723,US,Low
-155.2454986572,19.3543338776,29.0,"M 1.9 - 9 km S of Volcano, Hawaii","9 km S of Volcano, Hawaii",55,1.89,md,2026-08-17 05:23:33.550,2026-08-17 05:27:45.510,US,Low
175.3138,-38.907,177.408,"M 4.6 - 43 km WNW of Turangi, New Zealand","43 km WNW of Turangi, New Zealand",326,4.6,mb,2026-08-17 05:18:41.824,2026-08-17 09:26:18.040,NZ,Moderate
121.7425,-9.7042,35.0,"M 4.4 - 95 km S of Ende, Indonesia","95 km S of Ende, Indonesia",298,4.4,mb,2026-08-17 05:09:28.329,2026-08-18 07:21:43.040,ID,Moderate
-150.655,59.604,34.9,"M 3.8 - 32 km E of Halibut Cove, Alaska","32 km E of Halibut Cove, Alaska",240,3.8,ml,2026-08-17 05:07:49.191,2026-08-19 18:01:02.038,US,Moderate
-103.783,32.039,7.6636,"M 0.4 - 34 km SE of Malaga, New Mexico","34 km SE of Malaga, New Mexico",2,0.4,ml,2026-08-17 05:01:32.106,2026-08-17 13:59:13.190,US,Low
-99.308,36.43666667,17.82,"M 1.4 - 7 km E of Woodward, Oklahoma","7 km E of Woodward, Oklahoma",30,1.4,ml,2026-08-17 04:53:55.270,2026-08-18 12:30:57.726,US,Low
-122.9363327026,38.796333313,5.1900000572,"M 1.1 - 7 km E of Cloverdale, CA","7 km E of Cloverdale, CA",20,1.14,md,2026-08-17 04:44:28.710,2026-08-17 07:12:23.007,US,Low
-122.8126678467,38.799331665,3.75,"M 0.8 - 5 km WNW of The Geysers, CA","5 km WNW of The Geysers, CA",9,0.77,md,2026-08-17 04:38:33.700,2026-08-17 05:07:23.189,US,Low
-98.19,28.933,7.4976,"M 1.6 - 17 km WSW of Falls City, Texas","17 km WSW of Falls City, Texas",39,1.6,ml,2026-08-17 04:32:56.085,2026-08-17 13:23:41.311,US,Low
-116.7323333333,33.2896666667,13.4,"M 0.2 - 6 km NNE of Lake Henshaw, CA","6 km NNE of Lake Henshaw, CA",1,0.24,ml,2026-08-17 04:14:18.510,2026-08-17 14:29:33.993,US,Low
-155.3486666667,58.1775,2.49,"M 0.2 - 86 km NW of Karluk, Alaska","86 km NW of Karluk, Alaska",1,0.24,ml,2026-08-17 04:13:36.260,2026-08-17 23:43:45.310,US,Low
-116.4248333333,33.4736666667,12.27,"M 0.3 - 24 km SSW of La Quinta, CA","24 km SSW of La Quinta, CA",2,0.34,ml,2026-08-17 04:02:57.590,2026-08-18 19:32:42.015,US,Low
-122.3176666667,47.5148333333,29.19,"M 1.1 - 2 km E of White Center, Washington","2 km E of White Center, Washington",19,1.11,ml,2026-08-17 04:02:09.110,2026-08-17 18:15:36.040,US,Low
-155.3773333333,58.1753333333,1.63,"M 0.0 - 86 km NW of Karluk, Alaska","86 km NW of Karluk, Alaska",0,-0.01,ml,2026-08-17 03:58:57.190,2026-08-17 23:28:12.310,US,Low
-178.8123333333,51.7938333333,4.2,"M 0.3 - 150 km W of Adak, Alaska","150 km W of Adak, Alaska",1,0.31,ml,2026-08-17 03:48:47.050,2026-08-17 22:29:38.880,US,Low
121.327,-8.2999,16.335,"M 5.2 - 70 km NNW of Ende, Indonesia","70 km NNW of Ende, Indonesia",416,5.2,mb,2026-08-17 03:48:04.873,2026-08-17 04:02:57.040,ID,Moderate
-122.873336792,39.3520011902,6.9000000954,"M 1.7 - 10 km SE of Lake Pillsbury, CA","10 km SE of Lake Pillsbury, CA",46,1.72,md,2026-08-17 03:47:33.880,2026-08-17 06:22:20.671,US,Low
-121.172996521,36.5791664124,4.8600001335,"M 1.3 - 6 km NNW of Pinnacles, CA","6 km NNW of Pinnacles, CA",25,1.28,md,2026-08-17 03:39:51.490,2026-08-17 05:52:22.474,US,Low
121.407,-8.278,10.0,"M 5.3 - 68 km NNW of Ende, Indonesia","68 km NNW of Ende, Indonesia",432,5.3,mb,2026-08-17 03:36:39.370,2026-08-17 03:54:47.040,ID,Moderate
121.0947,-8.0913,10.0,"M 4.9 - 90 km NE of Ruteng, Indonesia","90 km NE of Ruteng, Indonesia",369,4.9,mb,2026-08-17 03:33:53.507,2026-08-17 04:14:30.040,ID,Moderate
-122.8463363647,38.8479995728,1.5599999428,"M 0.7 - 11 km WNW of Cobb, CA","11 km WNW of Cobb, CA",8,0.71,md,2026-08-17 03:24:49.720,2026-08-17 03:52:21.652,US,Low
-116.7321666667,33.289,13.45,"M 1.5 - 6 km NNE of Lake Henshaw, CA","6 km NNE of Lake Henshaw, CA",33,1.4553785194,ml,2026-08-17 03:16:04.660,2026-08-17 12:55:09.723,US,Low
-150.679,63.2,133.9,"M 3.1 - 64 km SE of Denali National Park, Alaska","64 km SE of Denali National Park, Alaska",148,3.1,ml,2026-08-17 03:00:58.287,2026-08-17 19:14:45.916,US,Moderate
121.5676,-8.4617,10.0,"M 4.2 - 43 km NNW of Ende, Indonesia","43 km NNW of Ende, Indonesia",271,4.2,mb,2026-08-17 02:58:28.488,2026-08-17 05:28:00.040,ID,Moderate
-116.9898333333,33.6845,11.93,"M 0.3 - 7 km SSW of Hemet, CA","7 km SSW of Hemet, CA",2,0.34,ml,2026-08-17 02:48:17.930,2026-08-17 12:55:11.325,US,Low
120.2556,-7.8295,29.528,"M 4.8 - 84 km NNE of Labuan Bajo, Indonesia","84 km NNE of Labuan Bajo, Indonesia",354,4.8,mb,2026-08-17 02:39:20.044,2026-08-17 04:43:49.040,ID,Moderate
-151.332,60.901,94.3,"M 2.7 - 21 km SSW of Tyonek, Alaska","21 km SSW of Tyonek, Alaska",112,2.7,ml,2026-08-17 02:38:34.907,2026-08-18 05:13:25.040,US,Moderate
-143.25,60.206,1.2,"M 2.3 - 137 km S of McCarthy, Alaska","137 km S of McCarthy, Alaska",81,2.3,ml,2026-08-17 02:20:09.389,2026-08-17 19:09:29.220,US,Low
-143.311,60.171,1.1,"M 3.5 - 141 km ESE of Cordova, Alaska","141 km ESE of Cordova, Alaska",188,3.5,ml,2026-08-17 02:11:06.505,2026-08-17 19:08:55.012,US,Moderate
-64.9165,18.709,36.12,"M 3.1 - 40 km N of Charlotte Amalie, U.S. Virgin Islands","40 km N of Charlotte Amalie, U.S. Virgin Islands",152,3.14,md,2026-08-17 02:10:15.730,2026-08-17 10:52:24.490,VI,Moderate
-122.219,46.2798333333,5.66,"M 0.2 - 31 km S of Morton, Washington","31 km S of Morton, Washington",0,0.15,md,2026-08-17 02:03:51.390,2026-08-17 17:55:02.860,US,Low
-66.7523333333,18.0145,15.79,"M 2.0 - 1 km E of Magas Arriba, Puerto Rico","1 km E of Magas Arriba, Puerto Rico",62,2.0,md,2026-08-17 02:01:19.470,2026-08-17 02:11:32.670,PR,Low
-122.7783355713,38.7804985046,3.3699998856,"M 0.4 - 2 km W of The Geysers, CA","2 km W of The Geysers, CA",2,0.35,md,2026-08-17 01:53:08.060,2026-08-17 03:12:22.374,US,Low
-64.9306,18.7603,18.0,"M 3.6 - 46 km N of Charlotte Amalie, U.S. Virgin Islands","46 km N of Charlotte Amalie, U.S. Virgin Islands",194,3.55,md,2026-08-17 01:40:21.380,2026-08-17 02:04:22.786,VI,Moderate
-117.1733333333,34.03,5.38,"M 1.0 - 3 km SSE of Redlands, CA","3 km SSE of Redlands, CA",14,0.97,ml,2026-08-17 01:35:50.130,2026-08-18 20:19:23.780,US,Low
-155.2403333333,19.3566666667,28.04,"M 1.2 - 9 km S of Volcano, Hawaii","9 km S of Volcano, Hawaii",22,1.2,ml,2026-08-17 01:20:39.470,2026-08-18 21:48:23.370,US,Low
-97.767,29.209,8.3496,"M 1.1 - 6 km S of Nixon, Texas","6 km S of Nixon, Texas",19,1.1,ml,2026-08-17 01:09:37.089,2026-08-17 13:47:20.539,US,Low
69.5974,38.3307,10.0,"M 4.2 - 24 km ESE of Norak, Tajikistan","24 km ESE of Norak, Tajikistan",271,4.2,mb,2026-08-17 01:01:31.312,2026-08-17 01:57:12.040,TJ,Moderate
121.0709,-1.3664,10.0,"M 4.5 - 35 km E of Poso, Indonesia","35 km E of Poso, Indonesia",312,4.5,mb,2026-08-17 01:01:29.183,2026-08-17 01:37:34.040,ID,Moderate
-169.8266666667,52.8148333333,4.68,"M 1.0 - 66 km WSW of Nikolski, Alaska","66 km WSW of Nikolski, Alaska",16,1.01,ml,2026-08-17 00:55:50.220,2026-08-17 23:16:42.550,US,Low
-117.1738333333,34.0271666667,4.65,"M 0.9 - 3 km SSE of Redlands, CA","3 km SSE of Redlands, CA",12,0.89,ml,2026-08-17 00:54:56.670,2026-08-17 21:30:31.451,US,Low
-97.84183333,35.11316667,8.02,"M 1.3 - 6 km SSE of Amber, Oklahoma","6 km SSE of Amber, Oklahoma",24,1.26,ml,2026-08-17 00:51:12.150,2026-08-17 12:34:22.266,US,Low
121.4724,-8.3149,15.522,"M 5.5 - 62 km NNW of Ende, Indonesia","62 km NNW of Ende, Indonesia",465,5.5,mww,2026-08-17 00:46:41.245,2026-08-18 05:22:30.896,ID,Moderate
-102.207,32.123,6.3232,"M 0.2 - 18 km NW of Midland, Texas","18 km NW of Midland, Texas",1,0.2,ml,2026-08-17 00:46:29.850,2026-08-18 12:38:35.754,US,Low
-122.7600021362,38.7915000916,2.8099999428,"M 0.8 - 2 km N of The Geysers, CA","2 km N of The Geysers, CA",9,0.75,md,2026-08-17 00:37:11.320,2026-08-17 02:17:24.000,US,Low
-141.802,59.782,21.7,"M 1.9 - 119 km WNW of Yakutat, Alaska","119 km WNW of Yakutat, Alaska",56,1.9,ml,2026-08-17 00:36:46.929,2026-08-17 19:04:14.555,US,Low
-141.82,59.788,20.1,"M 1.9 - 120 km WNW of Yakutat, Alaska","120 km WNW of Yakutat, Alaska",56,1.9,ml,2026-08-17 00:34:49.342,2026-08-17 19:02:21.976,US,Low
-155.4901733398,19.314666748,2.2599999905,"M 2.3 - 12 km N of Pāhala, Hawaii","12 km N of Pāhala, Hawaii",79,2.26,md,2026-08-17 00:32:20.500,2026-08-17 00:36:05.160,US,Low
-101.112,32.555,7.0557,"M 1.9 - 23 km NNW of Westbrook, Texas","23 km NNW of Westbrook, Texas",56,1.9,ml,2026-08-17 00:30:20.551,2026-08-17 13:15:13.015,US,Low
120.2244,-7.9578,35.0,"M 4.6 - 70 km NNE of Labuan Bajo, Indonesia","70 km NNE of Labuan Bajo, Indonesia",326,4.6,mb,2026-08-17 00:27:36.214,2026-08-18 05:00:13.040,ID,Moderate
-101.117,32.56,8.1055,"M 1.3 - 24 km NNW of Westbrook, Texas","24 km NNW of Westbrook, Texas",26,1.3,ml,2026-08-17 00:27:27.956,2026-08-18 10:33:39.574,US,Low
-155.4936666667,19.3145,7.14,"M 1.9 - 12 km N of Pāhala, Hawaii","12 km N of Pāhala, Hawaii",58,1.94,ml,2026-08-17 00:20:57.800,2026-08-17 00:49:24.000,US,Low
-151.962,61.119,114.6,"M 2.5 - 44 km W of Tyonek, Alaska","44 km W of Tyonek, Alaska",96,2.5,ml,2026-08-17 00:18:22.355,2026-08-18 04:52:01.040,US,Low
-178.7056,-17.7068,562.262,"M 4.9 - 213 km E of Levuka, Fiji","213 km E of Levuka, Fiji",369,4.9,mb,2026-08-17 00:08:07.246,2026-08-18 04:45:03.040,WF,Moderate
-155.4883270264,19.140832901,31.3199996948,"M 2.3 - 6 km S of Pāhala, Hawaii","6 km S of Pāhala, Hawaii",81,2.29,md,2026-08-16 23:57:43.920,2026-08-17 00:01:32.020,US,Low
-97.979,28.957,7.9806,"M 1.1 - 4 km SE of Falls City, Texas","4 km SE of Falls City, Texas",19,1.1,ml,2026-08-16 23:51:09.932,2026-08-18 17:54:33.927,US,Low
-153.1286666667,60.049,7.79,"M -0.2 - 61 km ENE of Pedro Bay, Alaska","61 km ENE of Pedro Bay, Alaska",0,-0.19,ml,2026-08-16 23:47:03.160,2026-08-19 19:12:57.930,US,Low
-122.8428344727,38.8643341064,-0.7799999714,"M 1.1 - 11 km WNW of Cobb, CA","11 km WNW of Cobb, CA",17,1.05,md,2026-08-16 23:45:54.780,2026-08-17 00:32:20.333,US,Low
-122.8468322754,38.8499984741,1.2999999523,"M 0.4 - 11 km WNW of Cobb, CA","11 km WNW of Cobb, CA",3,0.42,md,2026-08-16 23:45:08.300,2026-08-17 00:17:28.250,US,Low
-95.98616667,34.66016667,7.0,"M 1.2 - 4 km E of Wardville, Oklahoma","4 km E of Wardville, Oklahoma",23,1.22,ml,2026-08-16 23:44:36.439,2026-08-17 17:49:22.901,US,Low
-122.8115005493,38.8166656494,2.9700000286,"M 0.8 - 6 km NW of The Geysers, CA","6 km NW of The Geysers, CA",11,0.84,md,2026-08-16 23:43:31.170,2026-08-17 00:07:21.189,US,Low
-155.498840332,19.4211673737,4.3800001144,"M 1.8 - 24 km N of Pāhala, Hawaii","24 km N of Pāhala, Hawaii",51,1.82,md,2026-08-16 23:32:45.370,2026-08-16 23:36:28.930,US,Low
-101.712,31.858,8.2275,"M 1.1 - 21 km W of Garden City, Texas","21 km W of Garden City, Texas",19,1.1,ml,2026-08-16 23:24:55.698,2026-08-18 15:58:41.858,US,Low
-122.8151702881,38.8303337097,2.1900000572,"M 1.3 - 8 km NW of The Geysers, CA","8 km NW of The Geysers, CA",26,1.3,md,2026-08-16 23:16:59.660,2026-08-17 01:52:20.850,US,Low
-155.2283325195,19.3409996033,29.2099990845,"M 1.7 - 11 km S of Volcano, Hawaii","11 km S of Volcano, Hawaii",47,1.74,md,2026-08-16 23:10:38.470,2026-08-16 23:14:11.430,US,Low
-103.501,31.391,3.1775,"M 1.0 - 3 km SSW of Pecos, Texas","3 km SSW of Pecos, Texas",15,1.0,ml,2026-08-16 22:54:03.557,2026-08-18 17:51:28.241,US,Low
-155.5780029297,19.4273338318,38.2299995422,"M 1.9 - 26 km NNW of Pāhala, Hawaii","26 km NNW of Pāhala, Hawaii",53,1.85,md,2026-08-16 22:47:36.230,2026-08-16 22:51:10.460,US,Low
-147.483,64.947,0.0,"M 1.4 Quarry Blast - 6 km E of Fox, Alaska","6 km E of Fox, Alaska",30,1.4,ml,2026-08-16 22:41:25.565,2026-08-17 19:25:37.654,US,Low
-117.5968333333,35.7773333333,9.92,"M 1.1 - 17 km W of Searles Valley, CA","17 km W of Searles Valley, CA",17,1.06,ml,2026-08-16 22:35:11.210,2026-08-17 12:55:24.418,US,Low
-117.8418333333,36.066,2.68,"M 0.7 - 10 km ENE of Coso Junction, CA","10 km ENE of Coso Junction, CA",6,0.65,ml,2026-08-16 22:31:45.200,2026-08-17 12:55:40.031,US,Low
-116.7375,33.2906666667,12.86,"M 0.6 - 6 km NNE of Lake Henshaw, CA","6 km NNE of Lake Henshaw, CA",6,0.61,ml,2026-08-16 22:22:22.480,2026-08-17 15:02:34.453,US,Low
-115.764,32.6911666667,11.13,"M 1.5 - 21 km NW of Progreso, B.C., MX","21 km NW of Progreso, B.C., MX",36,1.52,ml,2026-08-16 22:22:15.270,2026-08-17 14:58:16.506,US,Low
-117.6123333333,35.6981666667,8.57,"M 1.5 - 10 km NNE of Ridgecrest, CA","10 km NNE of Ridgecrest, CA",36,1.53,ml,2026-08-16 22:09:39.760,2026-08-17 15:15:32.600,US,Low
138.9688,-2.6383,35.288,"M 4.3 - 185 km W of Abepura, Indonesia","185 km W of Abepura, Indonesia",284,4.3,mb,2026-08-16 22:02:28.262,2026-08-18 04:39:26.040,ID,Moderate
-101.483,32.099,8.1787,"M 1.2 - 11 km W of Forsan, Texas","11 km W of Forsan, Texas",22,1.2,ml,2026-08-16 21:56:49.744,2026-08-17 20:43:04.530,US,Low
-122.8065,47.9536666667,10.99,"M 1.6 - 8 km S of Port Hadlock-Irondale, Washington","8 km S of Port Hadlock-Irondale, Washington",37,1.55,ml,2026-08-16 21:53:51.210,2026-08-17 18:30:38.130,US,Low
120.6825,-8.1055,10.0,"M 4.5 - 60 km NNE of Ruteng, Indonesia","60 km NNE of Ruteng, Indonesia",312,4.5,mb,2026-08-16 21:48:43.015,2026-08-18 04:37:37.040,ID,Moderate
-151.267,64.97,3.2,"M 1.6 - 30 km W of Manley Hot Springs, Alaska","30 km W of Manley Hot Springs, Alaska",39,1.6,ml,2026-08-16 21:45:24.124,2026-08-17 19:24:24.924,US,Low
130.1863,33.4318,10.0,"M 4.4 - 14 km S of Maebaru-chūō, Japan","14 km S of Maebaru-chūō, Japan",298,4.4,mb,2026-08-16 21:37:16.420,2026-08-18 04:36:36.040,JP,Moderate
-122.7890014648,38.8306655884,1.7300000191,"M 1.8 - 6 km W of Cobb, CA","6 km W of Cobb, CA",51,1.82,md,2026-08-16 21:31:36.860,2026-08-17 01:22:22.664,US,Low
-101.483,32.101,8.1299,"M 1.1 - 11 km W of Forsan, Texas","11 km W of Forsan, Texas",19,1.1,ml,2026-08-16 21:28:58.591,2026-08-17 20:36:28.596,US,Low
129.5786,-7.1018,163.466,"M 4.5 - Kepulauan Babar, Indonesia","Kepulauan Babar, Indonesia",312,4.5,mb,2026-08-16 21:28:19.024,2026-08-18 04:34:15.040,TL,Moderate
-120.5533370972,35.8231658936,9.2299995422,"M 1.4 - 14 km SW of Parkfield, CA","14 km SW of Parkfield, CA",28,1.36,md,2026-08-16 21:22:22.280,2026-08-16 22:22:21.477,US,Low
-103.707,32.055,8.2532,"M 1.4 - 39 km ESE of Malaga, New Mexico","39 km ESE of Malaga, New Mexico",30,1.4,ml,2026-08-16 21:21:42.530,2026-08-17 20:32:11.891,US,Low
-122.9576644897,38.7594985962,-0.6100000143,"M 1.3 - 7 km SE of Cloverdale, CA","7 km SE of Cloverdale, CA",27,1.33,md,2026-08-16 21:15:39.260,2026-08-16 21:57:22.314,US,Low
-101.429,31.62,3.4912,"M 0.9 - 27 km S of Garden City, Texas","27 km S of Garden City, Texas",12,0.9,ml,2026-08-16 21:14:21.038,2026-08-18 16:18:06.525,US,Low
-117.5848333333,34.0133333333,5.26,"M 0.6 - 6 km SE of Ontario, CA","6 km SE of Ontario, CA",6,0.63,ml,2026-08-16 21:11:46.550,2026-08-17 14:23:45.483,US,Low
-67.2962,-24.3187,173.246,"M 4.4 - 99 km W of San Antonio de los Cobres, Argentina","99 km W of San Antonio de los Cobres, Argentina",298,4.4,mb,2026-08-16 21:06:07.316,2026-08-18 04:33:10.040,AR,Moderate
-178.8563333333,51.7613333333,11.59,"M 0.7 - 153 km W of Adak, Alaska","153 km W of Adak, Alaska",6,0.65,ml,2026-08-16 21:04:15.010,2026-08-19 18:55:27.050,US,Low
-178.812,51.7813333333,9.5,"M -0.1 - 150 km W of Adak, Alaska","150 km W of Adak, Alaska",0,-0.05,ml,2026-08-16 21:02:12.480,2026-08-19 18:47:26.480,US,Low
-178.8168333333,51.7911666667,14.08,"M 0.0 - 150 km W of Adak, Alaska","150 km W of Adak, Alaska",0,-0.03,ml,2026-08-16 21:01:28.370,2026-08-19 18:41:26.090,US,Low
-178.829,51.7803333333,8.27,"M 0.3 - 151 km W of Adak, Alaska","151 km W of Adak, Alaska",1,0.31,ml,2026-08-16 21:00:26.240,2026-08-19 18:34:55.640,US,Low
-111.1515,40.3036666667,10.54,"M 1.6 - 8 km E of Independence, Utah","8 km E of Independence, Utah",37,1.55,ml,2026-08-16 20:56:17.170,2026-08-17 13:52:06.250,US,Low
-117.1915,33.9375,13.88,"M 0.4 - 4 km ENE of Moreno Valley, CA","4 km ENE of Moreno Valley, CA",3,0.41,ml,2026-08-16 20:55:12.230,2026-08-17 15:35:52.620,US,Low
-116.7615,33.5095,10.63,"M 0.4 - 10 km WSW of Anza, CA","10 km WSW of Anza, CA",3,0.43,ml,2026-08-16 20:50:50.240,2026-08-17 12:56:10.959,US,Low
-103.709,32.058,7.6379,"M 1.6 - 38 km ESE of Malaga, New Mexico","38 km ESE of Malaga, New Mexico",39,1.6,ml,2026-08-16 20:49:53.126,2026-08-17 15:45:51.419,US,Low
-122.8121643066,38.8236656189,2.6700000763,"M 0.6 - 7 km NW of The Geysers, CA","7 km NW of The Geysers, CA",5,0.58,md,2026-08-16 20:44:03.990,2026-08-16 20:45:39.524,US,Low
-103.705,32.053,8.3044,"M 1.2 - 39 km ESE of Malaga, New Mexico","39 km ESE of Malaga, New Mexico",22,1.2,ml,2026-08-16 20:42:54.024,2026-08-18 16:42:24.489,US,Low
-117.5816666667,34.0155,5.63,"M 0.7 - 6 km SE of Ontario, CA","6 km SE of Ontario, CA",8,0.74,ml,2026-08-16 20:40:52.100,2026-08-17 15:33:06.193,US,Low
-103.704,32.058,8.0481,"M 1.6 - 39 km ESE of Malaga, New Mexico","39 km ESE of Malaga, New Mexico",39,1.6,ml,2026-08-16 20:37:49.042,2026-08-17 16:36:56.468,US,Low
-117.5838333333,34.0138333333,5.46,"M 1.7 - 6 km SE of Ontario, CA","6 km SE of Ontario, CA",42,1.65,ml,2026-08-16 20:36:30.810,2026-08-17 12:56:55.030,US,Low
-117.589,34.0115,5.59,"M 2.8 - 6 km SE of Ontario, CA","6 km SE of Ontario, CA",168,2.78,ml,2026-08-16 20:35:29.250,2026-08-18 06:29:22.257,US,Moderate
-67.3435,18.3508333333,23.74,"M 2.7 - 9 km W of Rincón, Puerto Rico","9 km W of Rincón, Puerto Rico",108,2.65,md,2026-08-16 20:32:09.060,2026-08-16 20:43:19.410,PR,Moderate
-99.23833333,35.9205,7.31,"M 1.9 - 11 km ENE of Leedey, Oklahoma","11 km ENE of Leedey, Oklahoma",53,1.86,ml,2026-08-16 20:25:08.349,2026-08-17 12:11:16.012,US,Low
-124.9029998779,40.4930000305,17.1499996185,"M 2.6 - 55 km W of Ferndale, CA","55 km W of Ferndale, CA",104,2.6,md,2026-08-16 20:21:45.850,2026-08-17 00:37:23.368,US,Moderate
-111.9406666667,40.3921666667,2.95,"M 1.0 - 5 km NNW of Saratoga Springs, Utah","5 km NNW of Saratoga Springs, Utah",16,1.02,md,2026-08-16 20:02:50.470,2026-08-17 13:54:59.250,US,Low
-104.163,31.705,7.0868,"M 1.6 - 53 km W of Mentone, Texas","53 km W of Mentone, Texas",39,1.6,ml,2026-08-16 19:52:50.743,2026-08-17 17:39:54.068,US,Low
-103.636,31.424,2.8442,"M 1.2 - 11 km WNW of Lindsay, Texas","11 km WNW of Lindsay, Texas",22,1.2,ml,2026-08-16 19:52:12.702,2026-08-18 16:57:24.579,US,Low
-149.573,61.9,44.5,"M 1.7 - 24 km NW of Fishhook, Alaska","24 km NW of Fishhook, Alaska",44,1.7,ml,2026-08-16 19:46:12.946,2026-08-17 19:23:57.090,US,Low
-145.357,63.321,10.3,"M 1.2 - 28 km NNE of Paxson, Alaska","28 km NNE of Paxson, Alaska",22,1.2,ml,2026-08-16 19:41:14.114,2026-08-17 19:22:15.241,US,Low
-118.9311666667,34.7965,12.89,"M 1.8 - 3 km SSE of Frazier Park, CA","3 km SSE of Frazier Park, CA",48,1.77,ml,2026-08-16 19:34:03.330,2026-08-16 20:15:57.930,US,Low
-116.4436666667,33.001,10.71,"M 0.8 - 17 km ESE of Julian, CA","17 km ESE of Julian, CA",11,0.84,ml,2026-08-16 19:29:40.250,2026-08-16 20:15:53.380,US,Low
-113.0661666667,37.8556666667,3.62,"M 1.4 - 9 km NNW of Enoch, Utah","9 km NNW of Enoch, Utah",29,1.37,md,2026-08-16 19:27:11.980,2026-08-17 14:30:22.470,US,Low
-116.2451666667,32.9195,8.58,"M 0.6 - 27 km SSW of Ocotillo Wells, CA","27 km SSW of Ocotillo Wells, CA",6,0.63,ml,2026-08-16 19:21:38.830,2026-08-18 20:22:25.186,US,Low
-122.7928314209,38.8193321228,3.2000000477,"M 1.3 - 6 km NW of The Geysers, CA","6 km NW of The Geysers, CA",27,1.32,md,2026-08-16 19:08:55.200,2026-08-16 20:22:25.658,US,Low
-66.5708333333,17.9596666667,15.67,"M 2.2 - 7 km SSW of Capitanejo, Puerto Rico","7 km SSW of Capitanejo, Puerto Rico",74,2.2,md,2026-08-16 18:38:02.180,2026-08-16 18:55:54.000,PR,Low
-116.8178333333,33.7008333333,14.9,"M 0.8 - 9 km SE of Valle Vista, CA","9 km SE of Valle Vista, CA",11,0.84,ml,2026-08-16 18:25:41.400,2026-08-16 20:15:59.772,US,Low
-121.1708297729,36.5588340759,2.2300000191,"M 2.0 - 4 km NW of Pinnacles, CA","4 km NW of Pinnacles, CA",63,2.03,md,2026-08-16 18:24:18.820,2026-08-16 22:17:27.442,US,Low
-64.5618333333,18.2135,29.89,"M 3.2 - 27 km ESE of Cruz Bay, U.S. Virgin Islands","27 km ESE of Cruz Bay, U.S. Virgin Islands",158,3.2,md,2026-08-16 18:18:55.410,2026-08-16 19:11:57.030,VG,Moderate
-176.1188333333,52.1046666667,7.05,"M 0.4 - 43 km NE of Adak, Alaska","43 km NE of Adak, Alaska",2,0.39,ml,2026-08-16 18:14:43.150,2026-08-18 23:27:57.480,US,Low
-122.7929992676,38.8359985352,2.2100000381,"M 1.0 - 6 km WNW of Cobb, CA","6 km WNW of Cobb, CA",14,0.95,md,2026-08-16 18:07:06.930,2026-08-16 18:08:43.275,US,Low
-122.7918319702,38.8358345032,2.0499999523,"M 1.6 - 6 km WNW of Cobb, CA","6 km WNW of Cobb, CA",40,1.62,md,2026-08-16 18:06:44.650,2026-08-16 21:07:20.969,US,Low
-155.3780059814,19.2866668701,3.0799999237,"M 2.1 - 14 km NE of Pāhala, Hawaii","14 km NE of Pāhala, Hawaii",70,2.14,md,2026-08-16 18:05:21.990,2026-08-16 18:09:01.540,US,Low
-101.463,32.099,9.7412,"M 1.1 - 9 km W of Forsan, Texas","9 km W of Forsan, Texas",19,1.1,ml,2026-08-16 17:58:41.345,2026-08-18 16:08:06.773,US,Low
-122.1361694336,37.747833252,4.9200000763,"M 1.5 - 3 km NE of San Leandro, CA","3 km NE of San Leandro, CA",36,1.54,md,2026-08-16 17:58:15.190,2026-08-16 20:37:22.761,US,Low
-155.4521636963,19.4608325958,0.0099999998,"M 1.8 - 22 km W of Volcano, Hawaii","22 km W of Volcano, Hawaii",52,1.83,md,2026-08-16 17:53:26.520,2026-08-16 17:57:00.390,US,Low
-117.5286666667,33.765,10.32,"M 1.3 - 12 km SSE of Corona, CA","12 km SSE of Corona, CA",25,1.28,ml,2026-08-16 17:48:41.300,2026-08-16 17:57:11.416,US,Low
-120.8550033569,36.5265007019,7.1500000954,"M 1.4 - 20 km NW of New Idria, CA","20 km NW of New Idria, CA",29,1.37,md,2026-08-16 17:48:22.020,2026-08-16 20:12:22.585,US,Low
120.4602,-7.9109,9.309,"M 4.9 - 77 km N of Ruteng, Indonesia","77 km N of Ruteng, Indonesia",369,4.9,mb,2026-08-16 17:26:15.105,2026-08-16 18:00:17.040,ID,Moderate
-20.3712,-22.5775,10.0,M 4.9 - South Atlantic Ocean,South Atlantic Ocean,369,4.9,mb,2026-08-16 17:11:07.915,2026-08-16 18:03:10.040,SH,Moderate
-116.3333333333,32.9388333333,7.61,"M 0.8 - 22 km NE of Pine Valley, CA","22 km NE of Pine Valley, CA",9,0.78,ml,2026-08-16 16:54:03.470,2026-08-16 17:57:27.073,US,Low
-122.1915,46.1991666667,-1.82,"M 2.3 - 37 km NNE of Amboy, Washington","37 km NNE of Amboy, Washington",79,2.26,md,2026-08-16 16:44:26.570,2026-08-17 18:26:13.130,US,Low
-159.2253333333,55.9285,86.13,"M 1.7 - 5 km WNW of Perryville, Alaska","5 km WNW of Perryville, Alaska",44,1.69,ml,2026-08-16 16:33:16.990,2026-08-18 22:56:56.550,US,Low
-155.5026702881,19.1210002899,35.1599998474,"M 1.8 - 9 km SSW of Pāhala, Hawaii","9 km SSW of Pāhala, Hawaii",52,1.84,md,2026-08-16 16:25:09.680,2026-08-16 16:28:53.490,US,Low
-150.078,60.378,34.7,"M 2.4 - 18 km SW of Cooper Landing, Alaska","18 km SW of Cooper Landing, Alaska",89,2.4,ml,2026-08-16 16:24:28.489,2026-08-17 19:21:10.383,US,Low
-117.4946666667,35.9756666667,4.18,"M 0.8 - 25 km NNW of Searles Valley, CA","25 km NNW of Searles Valley, CA",9,0.78,ml,2026-08-16 15:58:46.990,2026-08-16 17:57:41.957,US,Low
-168.2471666667,53.3841666667,-0.76,"M 0.3 - 64 km NE of Nikolski, Alaska","64 km NE of Nikolski, Alaska",1,0.27,ml,2026-08-16 15:55:40.580,2026-08-18 22:36:24.320,US,Low
-92.969,14.4177,35.0,"M 5.2 - 67 km WSW of Puerto Madero, Mexico","67 km WSW of Puerto Madero, Mexico",416,5.2,mww,2026-08-16 15:52:53.557,2026-08-16 16:13:10.040,MX,Moderate
-103.711,32.051,9.2786,"M 1.2 - 39 km ESE of Malaga, New Mexico","39 km ESE of Malaga, New Mexico",22,1.2,ml,2026-08-16 15:49:05.392,2026-08-18 16:28:11.150,US,Low
-155.1968383789,19.3379993439,5.5,"M 1.9 - 12 km SSE of Volcano, Hawaii","12 km SSE of Volcano, Hawaii",55,1.89,md,2026-08-16 15:46:54.310,2026-08-16 15:50:34.440,US,Low
-122.7539978027,38.7879981995,4.6700000763,"M 0.3 - 1 km N of The Geysers, CA","1 km N of The Geysers, CA",1,0.3,md,2026-08-16 15:45:36.580,2026-08-16 16:12:21.978,US,Low
-117.8061666667,35.309,6.98,"M 1.8 - 17 km WSW of Johannesburg, CA","17 km WSW of Johannesburg, CA",52,1.84,ml,2026-08-16 15:45:27.790,2026-08-16 17:57:46.060,US,Low
-155.675,20.2526666667,41.14,"M 3.0 - 11 km E of Hala‘ula, Hawaii","11 km E of Hala‘ula, Hawaii",141,3.03,ml,2026-08-16 15:25:30.450,2026-08-16 23:52:22.350,US,Moderate
-122.8196640015,38.8128318787,2.7899999619,"M 0.7 - 7 km NW of The Geysers, CA","7 km NW of The Geysers, CA",8,0.73,md,2026-08-16 15:08:46.460,2026-08-16 17:22:20.433,US,Low
-117.6931666667,35.8978333333,3.96,"M 1.3 - 20 km ESE of Little Lake, CA","20 km ESE of Little Lake, CA",28,1.34,ml,2026-08-16 15:06:57.870,2026-08-16 17:57:59.877,US,Low
-67.3213333333,18.1488333333,6.96,"M 3.1 - 16 km WNW of Puerto Real, Puerto Rico","16 km WNW of Puerto Real, Puerto Rico",143,3.05,md,2026-08-16 15:06:23.190,2026-08-16 15:54:26.760,PR,Moderate
-66.7815,19.002,24.45,"M 3.1 - 57 km N of Hatillo, Puerto Rico","57 km N of Hatillo, Puerto Rico",152,3.14,md,2026-08-16 15:04:51.100,2026-08-16 15:35:13.350,PR,Moderate
-117.8403333333,36.066,3.57,"M 0.4 - 10 km ENE of Coso Junction, CA","10 km ENE of Coso Junction, CA",2,0.37,ml,2026-08-16 15:00:02.360,2026-08-16 17:58:03.880,US,Low
-67.3278333333,18.147,7.4,"M 3.2 - 16 km WNW of Puerto Real, Puerto Rico","16 km WNW of Puerto Real, Puerto Rico",154,3.16,md,2026-08-16 14:59:17.730,2026-08-16 15:32:11.100,PR,Moderate
-96.006,34.683,7.0,"M 1.0 - 3 km NE of Wardville, Oklahoma","3 km NE of Wardville, Oklahoma",15,1.0,ml,2026-08-16 14:55:16.969,2026-08-17 17:55:40.013,US,Low
-99.0,28.842,7.3123,"M 1.8 - 10 km ESE of Pearsall, Texas","10 km ESE of Pearsall, Texas",50,1.8,ml,2026-08-16 14:49:47.034,2026-08-18 16:13:47.459,US,Low
-139.091,61.205,5.0,"M 2.5 - 188 km N of Yakutat, Alaska","188 km N of Yakutat, Alaska",96,2.5,ml,2026-08-16 14:46:40.819,2026-08-17 19:19:44.796,CA,Low
-104.289,31.652,6.0999,"M 1.6 - 58 km S of Whites City, New Mexico","58 km S of Whites City, New Mexico",39,1.6,ml,2026-08-16 14:37:21.308,2026-08-17 16:07:48.934,US,Low
-122.828666687,38.8484992981,0.8899999857,"M 0.7 - 10 km WNW of Cobb, CA","10 km WNW of Cobb, CA",7,0.69,md,2026-08-16 14:35:44.010,2026-08-16 15:07:22.564,US,Low
-178.8863333333,51.791,3.34,"M 0.9 - 155 km W of Adak, Alaska","155 km W of Adak, Alaska",13,0.91,ml,2026-08-16 14:22:29.740,2026-08-18 22:17:23.360,US,Low
-102.184,32.442,4.6143,"M 0.4 - 35 km ENE of McKinney Acres, Texas","35 km ENE of McKinney Acres, Texas",2,0.4,ml,2026-08-16 14:02:42.242,2026-08-18 16:33:17.841,US,Low
-104.383,31.658,6.0999,"M 1.8 - 57 km S of Whites City, New Mexico","57 km S of Whites City, New Mexico",50,1.8,ml,2026-08-16 13:50:52.551,2026-08-17 16:24:12.288,US,Low
-111.9153333333,40.3873333333,3.68,"M 0.7 - 4 km NNW of Saratoga Springs, Utah","4 km NNW of Saratoga Springs, Utah",8,0.72,md,2026-08-16 13:46:13.880,2026-08-17 15:24:34.550,US,Low
120.7165,-7.9176,10.0,"M 5.0 - 81 km NNE of Ruteng, Indonesia","81 km NNE of Ruteng, Indonesia",385,5.0,mb,2026-08-16 13:38:39.493,2026-08-16 13:57:43.040,ID,Moderate
-117.699,35.8871666667,8.17,"M 0.4 - 19 km ESE of Little Lake, CA","19 km ESE of Little Lake, CA",2,0.38,ml,2026-08-16 13:28:06.660,2026-08-16 14:28:56.909,US,Low
-103.491,31.197,4.7284,"M 1.9 - 19 km SSE of Lindsay, Texas","19 km SSE of Lindsay, Texas",56,1.9,ml,2026-08-16 13:09:46.975,2026-08-17 16:18:25.911,US,Low
-98.25183333,36.68233333,5.08,"M 1.3 - 6 km WNW of Jet, Oklahoma","6 km WNW of Jet, Oklahoma",26,1.3,ml,2026-08-16 13:07:55.289,2026-08-17 18:02:46.935,US,Low
-98.051,28.909,4.481,"M 1.6 - 8 km SSW of Falls City, Texas","8 km SSW of Falls City, Texas",39,1.6,ml,2026-08-16 12:59:38.901,2026-08-17 16:34:54.917,US,Low
-118.4459991455,37.4821662903,7.5599999428,"M 2.3 - 11 km NNW of Dixon Lane-Meadow Creek, CA","11 km NNW of Dixon Lane-Meadow Creek, CA",82,2.31,md,2026-08-16 12:57:33.550,2026-08-16 13:22:22.835,US,Low
-150.766,60.908,5.8,"M 3.1 - 4 km WSW of Point Possession, Alaska","4 km WSW of Point Possession, Alaska",148,3.1,ml,2026-08-16 12:54:58.365,2026-08-17 19:16:00.986,US,Moderate
-116.0685,36.718,6.274,"M 2.2 - 39 km WNW of Indian Springs, Nevada","39 km WNW of Indian Springs, Nevada",74,2.2,ml,2026-08-16 12:53:07.290,2026-08-16 12:54:52.572,US,Low
-149.359,62.998,5.0,"M 2.4 - 48 km SSW of Cantwell, Alaska","48 km SSW of Cantwell, Alaska",89,2.4,ml,2026-08-16 12:47:10.571,2026-08-17 18:52:01.708,US,Low
120.5903,-7.5415,10.0,"M 4.5 - 119 km N of Ruteng, Indonesia","119 km N of Ruteng, Indonesia",312,4.5,mb,2026-08-16 12:37:51.682,2026-08-16 13:27:48.040,ID,Moderate
-159.686,56.0051666667,12.15,"M 1.0 - 17 km NW of Ivanof Bay, Alaska","17 km NW of Ivanof Bay, Alaska",16,1.03,ml,2026-08-16 12:33:04.190,2026-08-18 21:52:53.020,US,Low
-149.904,62.215,18.6,"M 1.5 - 6 km NNW of Susitna North, Alaska","6 km NNW of Susitna North, Alaska",35,1.5,ml,2026-08-16 12:18:33.045,2026-08-17 18:49:53.040,US,Low
-150.646,63.199,132.1,"M 2.8 - 66 km SE of Denali National Park, Alaska","66 km SE of Denali National Park, Alaska",121,2.8,ml,2026-08-16 12:12:38.878,2026-08-17 18:48:28.866,US,Moderate
-118.2473333333,33.8448333333,7.96,"M 1.6 - 4 km ENE of Carson, CA","4 km ENE of Carson, CA",40,1.61,ml,2026-08-16 12:11:12.350,2026-08-16 18:20:58.611,US,Low
-116.3995,33.2993333333,13.39,"M 0.7 - 5 km NNW of Borrego Springs, CA","5 km NNW of Borrego Springs, CA",8,0.73,ml,2026-08-16 12:11:09.890,2026-08-16 13:54:00.350,US,Low
-121.9245,46.7593333333,2.63,"M 1.0 - 8 km E of Ashford, Washington","8 km E of Ashford, Washington",17,1.04,ml,2026-08-16 12:09:22.450,2026-08-17 18:22:40.570,US,Low
-117.6913333333,35.9006666667,3.93,"M 0.1 - 20 km ESE of Little Lake, CA","20 km ESE of Little Lake, CA",0,0.07,ml,2026-08-16 12:04:20.280,2026-08-16 13:53:56.865,US,Low
-111.4823333333,44.9135,7.23,"M 0.2 - 28 km NW of Hebgen Lake Estates, Montana","28 km NW of Hebgen Lake Estates, Montana",0,0.17,ml,2026-08-16 12:03:07.700,2026-08-17 22:56:49.130,US,Low
-101.911,32.376,9.4482,"M 0.7 - 24 km SW of Ackerly, Texas","24 km SW of Ackerly, Texas",8,0.7,ml,2026-08-16 12:02:09.067,2026-08-18 15:38:29.756,US,Low
-178.7918333333,51.854,5.04,"M 0.7 - 148 km W of Adak, Alaska","148 km W of Adak, Alaska",8,0.74,ml,2026-08-16 11:37:33.640,2026-08-18 20:35:17.570,US,Low
-111.3258333333,44.7995,15.03,"M 0.1 - 11 km WNW of Hebgen Lake Estates, Montana","11 km WNW of Hebgen Lake Estates, Montana",0,0.08,ml,2026-08-16 11:35:40.780,2026-08-17 22:54:18.830,US,Low
-178.8135,51.7895,6.18,"M 0.4 - 150 km W of Adak, Alaska","150 km W of Adak, Alaska",2,0.39,ml,2026-08-16 11:29:00.130,2026-08-18 20:31:17.210,US,Low
120.2356,-7.8283,10.0,"M 4.7 - 83 km NNE of Labuan Bajo, Indonesia","83 km NNE of Labuan Bajo, Indonesia",340,4.7,mb,2026-08-16 11:21:11.806,2026-08-16 12:49:47.040,ID,Moderate
-112.8875,38.508,1.83,"M 1.2 - 16 km NE of Milford, Utah","16 km NE of Milford, Utah",22,1.19,ml,2026-08-16 11:16:03.920,2026-08-17 15:15:07.480,US,Low
-122.935333252,38.7685012817,7.0599999428,"M 1.9 - 8 km ESE of Cloverdale, CA","8 km ESE of Cloverdale, CA",56,1.9,md,2026-08-16 11:14:42.040,2026-08-16 12:52:20.622,US,Low
-121.928,46.7401666667,7.88,"M 0.5 - 8 km ESE of Ashford, Washington","8 km ESE of Ashford, Washington",4,0.51,ml,2026-08-16 11:14:40.440,2026-08-17 18:05:48.820,US,Low
120.8509,-7.6716,10.0,"M 4.9 - 112 km NNE of Ruteng, Indonesia","112 km NNE of Ruteng, Indonesia",369,4.9,mb,2026-08-16 11:11:46.392,2026-08-16 11:33:20.040,ID,Moderate
-115.511,32.8881666667,5.99,"M 1.4 - 7 km NE of Imperial, CA","7 km NE of Imperial, CA",30,1.39,ml,2026-08-16 11:10:48.070,2026-08-17 17:42:01.112,US,Low
-97.61016667,35.28,12.93,"M 0.6 - 3 km NNW of Newcastle, Oklahoma","3 km NNW of Newcastle, Oklahoma",6,0.61,ml,2026-08-16 11:02:47.469,2026-08-17 18:16:33.177,US,Low
-116.169,33.8686666667,3.62,"M 1.3 - 17 km NNE of Indio, CA","17 km NNE of Indio, CA",25,1.28,ml,2026-08-16 10:59:25.320,2026-08-16 14:30:05.700,US,Low
146.7882,-5.5432,147.71,"M 5.5 - 116 km ESE of Madang, Papua New Guinea","116 km ESE of Madang, Papua New Guinea",466,5.5,mww,2026-08-16 10:59:11.283,2026-08-17 18:26:59.110,PG,Moderate
-154.795,65.691,2.4,"M 3.3 - 46 km SSW of Hughes, Alaska","46 km SSW of Hughes, Alaska",168,3.3,ml,2026-08-16 10:56:06.045,2026-08-17 18:45:59.384,US,Moderate
120.5504,-7.8791,10.0,"M 5.1 - 81 km N of Ruteng, Indonesia","81 km N of Ruteng, Indonesia",400,5.1,mb,2026-08-16 10:31:34.822,2026-08-16 10:50:40.040,ID,Moderate
-166.8323333333,53.8521666667,5.66,"M 0.7 - 19 km WSW of Dutch Harbor, Alaska","19 km WSW of Dutch Harbor, Alaska",8,0.7,ml,2026-08-16 10:31:14.000,2026-08-18 19:52:44.280,US,Low
-98.044,28.921,9.6537,"M 1.3 - 7 km SSW of Falls City, Texas","7 km SSW of Falls City, Texas",26,1.3,ml,2026-08-16 10:26:52.104,2026-08-17 11:41:25.482,US,Low
-115.4928333333,32.9943333333,12.37,"M 1.1 - 4 km ENE of Brawley, CA","4 km ENE of Brawley, CA",18,1.07,ml,2026-08-16 10:19:08.090,2026-08-17 21:21:54.108,US,Low
-115.5108333333,32.8716666667,6.0,"M 1.2 - 6 km ENE of Imperial, CA","6 km ENE of Imperial, CA",20,1.15,ml,2026-08-16 10:18:30.350,2026-08-17 19:49:40.049,US,Low
-122.844329834,38.8251647949,2.1099998951,"M 0.4 - 9 km NW of The Geysers, CA","9 km NW of The Geysers, CA",3,0.44,md,2026-08-16 10:15:06.590,2026-08-16 12:22:22.429,US,Low
120.5995,-7.9399,10.0,"M 5.3 - 75 km NNE of Ruteng, Indonesia","75 km NNE of Ruteng, Indonesia",432,5.3,mww,2026-08-16 10:14:36.343,2026-08-17 14:05:21.895,ID,Moderate
-116.335,32.9356666667,8.22,"M 0.7 - 22 km NE of Pine Valley, CA","22 km NE of Pine Valley, CA",7,0.66,ml,2026-08-16 10:12:02.460,2026-08-16 13:54:57.938,US,Low
-122.7941665649,38.8246650696,2.0699999332,"M 0.6 - 6 km W of Cobb, CA","6 km W of Cobb, CA",6,0.64,md,2026-08-16 10:08:51.970,2026-08-16 10:32:19.680,US,Low
-117.5771666667,35.7633333333,7.14,"M 0.6 - 16 km W of Searles Valley, CA","16 km W of Searles Valley, CA",5,0.55,ml,2026-08-16 10:00:52.650,2026-08-16 13:55:02.050,US,Low
-114.9801,35.7764,15.7126,"M 1.6 - 15 km WNW of Nelson, Nevada","15 km WNW of Nelson, Nevada",38,1.58,ml,2026-08-16 09:59:12.827,2026-08-16 10:03:20.457,US,Low
-109.2716,31.2009,16.424,"M 4.0 - 30 km ESE of Agua Prieta, Mexico","30 km ESE of Agua Prieta, Mexico",246,4.0,mb,2026-08-16 09:57:38.788,2026-08-17 10:01:18.953,MX,Moderate
-158.38,64.408,4.4,"M 1.9 - 18 km ENE of Kaltag, Alaska","18 km ENE of Kaltag, Alaska",56,1.9,ml,2026-08-16 09:54:35.710,2026-08-17 19:35:25.736,US,Low
-117.5375,35.6793333333,2.99,"M 0.4 - 14 km ENE of Ridgecrest, CA","14 km ENE of Ridgecrest, CA",2,0.39,ml,2026-08-16 09:52:18.650,2026-08-16 14:29:15.750,US,Low
-117.5876666667,35.7676666667,6.86,"M 0.5 - 17 km W of Searles Valley, CA","17 km W of Searles Valley, CA",4,0.54,ml,2026-08-16 09:48:54.880,2026-08-16 13:55:29.571,US,Low
-122.7906646729,38.8255004883,2.1199998856,"M 0.8 - 6 km W of Cobb, CA","6 km W of Cobb, CA",11,0.84,md,2026-08-16 09:47:29.190,2026-08-16 10:07:21.506,US,Low
-147.591,64.926,9.0,"M 1.1 - 3 km SSE of Fox, Alaska","3 km SSE of Fox, Alaska",19,1.1,ml,2026-08-16 09:31:46.094,2026-08-17 18:44:57.415,US,Low
-150.298,60.954,56.9,"M 1.8 - 21 km E of Point Possession, Alaska","21 km E of Point Possession, Alaska",50,1.8,ml,2026-08-16 09:24:35.660,2026-08-17 18:43:43.883,US,Low
-117.8413333333,36.0655,2.67,"M 0.9 - 10 km ENE of Coso Junction, CA","10 km ENE of Coso Junction, CA",12,0.89,ml,2026-08-16 09:22:59.830,2026-08-16 13:55:46.395,US,Low
-120.719329834,35.4378318787,7.0100002289,"M 1.3 - 7 km SW of Atascadero, CA","7 km SW of Atascadero, CA",27,1.32,md,2026-08-16 09:16:22.520,2026-08-16 11:57:23.278,US,Low
-166.7683333333,53.7621666667,4.64,"M -0.2 - 19 km SW of Unalaska, Alaska","19 km SW of Unalaska, Alaska",0,-0.17,ml,2026-08-16 09:00:15.400,2026-08-18 18:44:12.000,US,Low
-117.841,36.064,2.65,"M 0.6 - 10 km ENE of Coso Junction, CA","10 km ENE of Coso Junction, CA",5,0.59,ml,2026-08-16 08:57:36.850,2026-08-16 13:57:47.711,US,Low
-110.6608333333,43.5305,16.2,"M 2.2 - 9 km NE of Jackson, Wyoming","9 km NE of Jackson, Wyoming",75,2.21,ml,2026-08-16 08:51:18.650,2026-08-17 22:51:14.061,US,Low
-98.997,28.845,7.0414,"M 1.9 - 10 km ESE of Pearsall, Texas","10 km ESE of Pearsall, Texas",56,1.9,ml,2026-08-16 08:32:13.216,2026-08-17 11:26:18.836,US,Low
-152.73,59.901,100.6,"M 2.0 - 52 km WNW of Anchor Point, Alaska","52 km WNW of Anchor Point, Alaska",62,2.0,ml,2026-08-16 08:30:51.403,2026-08-17 18:42:09.020,US,Low
-148.654,62.292,29.1,"M 1.8 - 56 km N of Chickaloon, Alaska","56 km N of Chickaloon, Alaska",50,1.8,ml,2026-08-16 08:24:53.606,2026-08-17 18:39:35.079,US,Low
-155.568,57.238,73.2,"M 3.1 - 76 km WSW of Karluk, Alaska","76 km WSW of Karluk, Alaska",148,3.1,ml,2026-08-16 08:19:43.656,2026-08-17 18:37:22.078,US,Moderate
-117.2116666667,34.0198333333,13.82,"M 0.7 - 5 km SW of Redlands, CA","5 km SW of Redlands, CA",6,0.65,ml,2026-08-16 08:17:19.110,2026-08-16 13:58:04.585,US,Low
-122.8158340454,38.8170013428,3.7599999905,"M 0.7 - 7 km NW of The Geysers, CA","7 km NW of The Geysers, CA",8,0.72,md,2026-08-16 08:11:55.290,2026-08-16 09:07:20.127,US,Low
-151.261,61.772,82.4,"M 1.7 - 25 km SSE of Skwentna, Alaska","25 km SSE of Skwentna, Alaska",44,1.7,ml,2026-08-16 08:11:38.453,2026-08-17 18:35:30.163,US,Low
-116.8026666667,33.5715,6.16,"M 0.0 - 12 km W of Anza, CA","12 km W of Anza, CA",0,-0.01,ml,2026-08-16 08:10:42.980,2026-08-16 13:58:08.615,US,Low
-122.8475036621,38.8218345642,2.0399999619,"M 0.9 - 9 km WNW of The Geysers, CA","9 km WNW of The Geysers, CA",13,0.93,md,2026-08-16 08:07:02.910,2026-08-16 08:47:24.006,US,Low
146.3275,-5.5296,130.097,"M 4.6 - 68 km ESE of Madang, Papua New Guinea","68 km ESE of Madang, Papua New Guinea",326,4.6,mb,2026-08-16 08:06:50.468,2026-08-16 08:39:46.040,PG,Moderate
-179.0173333333,51.7335,8.79,"M 2.5 - 165 km W of Adak, Alaska","165 km W of Adak, Alaska",94,2.47,ml,2026-08-16 08:06:30.730,2026-08-18 18:22:09.850,US,Low
-158.501,55.581,42.1,"M 3.5 - 54 km SE of Perryville, Alaska","54 km SE of Perryville, Alaska",188,3.5,ml,2026-08-16 08:05:40.676,2026-08-17 18:35:03.685,US,Moderate
-117.8406666667,36.0663333333,2.72,"M 0.5 - 10 km ENE of Coso Junction, CA","10 km ENE of Coso Junction, CA",4,0.54,ml,2026-08-16 08:04:36.480,2026-08-16 13:58:21.440,US,Low
-97.763,29.215,7.5365,"M 1.4 - 5 km S of Nixon, Texas","5 km S of Nixon, Texas",30,1.4,ml,2026-08-16 08:01:08.897,2026-08-17 11:50:04.874,US,Low
-150.858,63.109,130.0,"M 2.7 - 64 km SE of Denali National Park, Alaska","64 km SE of Denali National Park, Alaska",112,2.7,ml,2026-08-16 07:59:39.395,2026-08-19 09:15:56.040,US,Moderate
-118.2856666667,34.0876666667,7.73,"M 0.9 - 2 km WSW of Silver Lake, CA","2 km WSW of Silver Lake, CA",14,0.94,ml,2026-08-16 07:56:45.110,2026-08-18 17:14:17.946,US,Low
-111.4966666667,44.8298333333,12.09,"M 0.0 - 25 km WNW of Hebgen Lake Estates, Montana","25 km WNW of Hebgen Lake Estates, Montana",0,-0.01,ml,2026-08-16 07:55:38.210,2026-08-17 22:42:16.950,US,Low
-166.7601666667,53.7533333333,4.47,"M 0.6 - 20 km SW of Unalaska, Alaska","20 km SW of Unalaska, Alaska",6,0.64,ml,2026-08-16 07:49:25.430,2026-08-18 18:11:39.200,US,Low
-164.6153333333,54.6808333333,26.91,"M 1.5 - 79 km WSW of False Pass, Alaska","79 km WSW of False Pass, Alaska",35,1.51,ml,2026-08-16 07:47:22.370,2026-08-18 18:07:39.870,US,Low
-117.5671666667,35.6301666667,4.19,"M 0.6 - 10 km E of Ridgecrest, CA","10 km E of Ridgecrest, CA",5,0.55,ml,2026-08-16 07:46:12.020,2026-08-16 14:29:11.744,US,Low
-166.7695,53.762,5.26,"M -0.3 - 19 km SW of Unalaska, Alaska","19 km SW of Unalaska, Alaska",0,-0.32,ml,2026-08-16 07:45:37.550,2026-08-18 18:02:08.350,US,Low
-150.471,63.423,2.8,"M 1.7 - 63 km ESE of Denali National Park, Alaska","63 km ESE of Denali National Park, Alaska",44,1.7,ml,2026-08-16 07:36:39.407,2026-08-17 18:28:44.069,US,Low
-122.9345016479,38.7771682739,3.6300001144,"M 1.5 - 8 km ESE of Cloverdale, CA","8 km ESE of Cloverdale, CA",33,1.47,md,2026-08-16 07:36:19.160,2026-08-16 11:32:24.101,US,Low
-122.7259979248,38.7589988708,2.2699999809,"M 1.1 - 3 km SE of The Geysers, CA","3 km SE of The Geysers, CA",18,1.08,md,2026-08-16 07:35:15.100,2026-08-16 07:36:49.599,US,Low
-102.012,32.152,7.1045,"M 0.5 - 18 km NNE of Midland, Texas","18 km NNE of Midland, Texas",4,0.5,ml,2026-08-16 07:32:47.931,2026-08-17 13:10:10.384,US,Low
-117.8406666667,36.0656666667,2.6,"M 1.1 - 10 km ENE of Coso Junction, CA","10 km ENE of Coso Junction, CA",19,1.11,ml,2026-08-16 07:32:26.120,2026-08-16 13:59:38.586,US,Low
-117.8411666667,36.0658333333,2.69,"M 0.8 - 10 km ENE of Coso Junction, CA","10 km ENE of Coso Junction, CA",9,0.78,ml,2026-08-16 07:29:15.670,2026-08-16 13:59:56.287,US,Low
-122.8536682129,38.8288345337,1.9099999666,"M 1.5 - 10 km NW of The Geysers, CA","10 km NW of The Geysers, CA",33,1.47,md,2026-08-16 07:26:29.370,2026-08-16 08:22:20.845,US,Low
-159.839,55.841,5.6,"M 2.1 - 23 km WSW of Ivanof Bay, Alaska","23 km WSW of Ivanof Bay, Alaska",68,2.1,ml,2026-08-16 07:21:07.135,2026-08-18 00:07:45.990,US,Low
-114.3468333333,46.9723333333,13.51,"M 1.5 - 6 km SSW of Huson, Montana","6 km SSW of Huson, Montana",34,1.48,ml,2026-08-16 07:17:03.770,2026-08-17 22:12:12.720,US,Low
-122.7931671143,38.8258323669,1.2699999809,"M 0.8 - 6 km W of Cobb, CA","6 km W of Cobb, CA",9,0.76,md,2026-08-16 07:13:50.310,2026-08-16 07:15:28.424,US,Low
-120.7183303833,35.4384994507,7.1399998665,"M 1.4 - 7 km SW of Atascadero, CA","7 km SW of Atascadero, CA",28,1.36,md,2026-08-16 07:05:27.610,2026-08-16 08:12:22.768,US,Low
-117.8396666667,36.0663333333,2.65,"M 0.9 - 10 km ENE of Coso Junction, CA","10 km ENE of Coso Junction, CA",12,0.89,ml,2026-08-16 07:02:48.120,2026-08-16 14:00:00.310,US,Low
-117.8393333333,36.0685,2.58,"M 0.5 - 10 km ENE of Coso Junction, CA","10 km ENE of Coso Junction, CA",4,0.49,ml,2026-08-16 06:58:17.860,2026-08-16 14:00:14.286,US,Low
-117.8415,36.0678333333,2.7,"M 2.3 - 10 km ENE of Coso Junction, CA","10 km ENE of Coso Junction, CA",81,2.3,ml,2026-08-16 06:54:12.740,2026-08-16 17:54:53.936,US,Low
-117.8373333333,36.0703333333,1.75,"M 1.0 - 10 km ENE of Coso Junction, CA","10 km ENE of Coso Junction, CA",15,1.0,ml,2026-08-16 06:52:39.430,2026-08-17 17:57:36.305,US,Low
-97.44333333,33.99016667,5.57,"M 1.2 - 12 km N of Leon, Oklahoma","12 km N of Leon, Oklahoma",23,1.23,ml,2026-08-16 06:52:30.640,2026-08-17 18:27:56.609,US,Low
-117.8398333333,36.0661666667,2.66,"M 1.3 - 10 km ENE of Coso Junction, CA","10 km ENE of Coso Junction, CA",28,1.34,ml,2026-08-16 06:52:29.890,2026-08-17 17:58:53.327,US,Low
120.5855,-7.9322,10.0,"M 5.5 - 76 km N of Ruteng, Indonesia","76 km N of Ruteng, Indonesia",465,5.5,mww,2026-08-16 06:51:47.338,2026-08-17 06:55:27.014,ID,Moderate
-103.771,32.029,9.0991,"M 1.1 - 35 km SE of Malaga, New Mexico","35 km SE of Malaga, New Mexico",19,1.1,ml,2026-08-16 06:50:52.837,2026-08-17 13:01:25.199,US,Low
-122.8028335571,38.8336677551,1.9199999571,"M 1.1 - 7 km W of Cobb, CA","7 km W of Cobb, CA",19,1.1,md,2026-08-16 06:49:47.440,2026-08-16 10:47:24.779,US,Low
-117.8418333333,36.0678333333,2.67,"M 2.8 - 10 km ENE of Coso Junction, CA","10 km ENE of Coso Junction, CA",116,2.75,ml,2026-08-16 06:49:33.270,2026-08-17 18:41:47.760,US,Moderate
-99.001,28.832,7.2555,"M 1.8 - 11 km SE of Pearsall, Texas","11 km SE of Pearsall, Texas",50,1.8,ml,2026-08-16 06:48:15.879,2026-08-17 11:29:24.317,US,Low
-120.7208328247,35.4401664734,6.6399998665,"M 2.6 - 7 km SW of Atascadero, CA","7 km SW of Atascadero, CA",118,2.58,md,2026-08-16 06:41:37.560,2026-08-17 19:03:24.527,US,Moderate
-165.437,53.405,16.5,"M 2.3 - 84 km SSE of Akutan, Alaska","84 km SSE of Akutan, Alaska",81,2.3,ml,2026-08-16 06:39:00.397,2026-08-17 18:11:26.638,US,Low
-112.1211666667,44.6403333333,4.6,"M 0.7 - 31 km N of Spencer, Idaho","31 km N of Spencer, Idaho",8,0.7,ml,2026-08-16 06:32:56.740,2026-08-17 22:33:46.280,US,Low
-116.2416666667,32.9135,6.56,"M 0.9 - 28 km SSW of Ocotillo Wells, CA","28 km SSW of Ocotillo Wells, CA",12,0.87,ml,2026-08-16 06:32:31.850,2026-08-16 14:12:17.860,US,Low
-122.7358322144,38.7566680908,1.6000000238,"M 1.3 - 3 km SE of The Geysers, CA","3 km SE of The Geysers, CA",24,1.26,md,2026-08-16 06:31:50.470,2026-08-16 09:47:24.381,US,Low
-155.2946666667,58.1828333333,1.97,"M 1.3 - 84 km NW of Karluk, Alaska","84 km NW of Karluk, Alaska",26,1.29,ml,2026-08-16 06:27:59.120,2026-08-17 23:43:44.280,US,Low
120.9491,-7.9518,10.08,"M 4.6 - 90 km NE of Ruteng, Indonesia","90 km NE of Ruteng, Indonesia",326,4.6,mb,2026-08-16 06:25:11.325,2026-08-19 09:05:23.040,ID,Moderate
-176.023,51.636,20.2,"M 2.1 - 49 km ESE of Adak, Alaska","49 km ESE of Adak, Alaska",68,2.1,ml,2026-08-16 06:23:49.895,2026-08-17 23:36:42.850,US,Low
-164.6426666667,54.518,4.18,"M 1.0 - 85 km ENE of Akutan, Alaska","85 km ENE of Akutan, Alaska",16,1.01,ml,2026-08-16 06:22:14.780,2026-08-17 23:23:41.990,US,Low
-117.8423333333,36.0681666667,2.67,"M 1.2 - 10 km ENE of Coso Junction, CA","10 km ENE of Coso Junction, CA",21,1.16,ml,2026-08-16 06:17:16.520,2026-08-16 14:11:26.275,US,Low
-118.3903333333,36.01,3.65,"M 0.8 - 29 km N of Kernville, CA","29 km N of Kernville, CA",10,0.82,ml,2026-08-16 06:14:57.140,2026-08-16 14:11:22.225,US,Low
-150.034,61.385,44.6,"M 1.5 - 4 km NW of Point MacKenzie, Alaska","4 km NW of Point MacKenzie, Alaska",35,1.5,ml,2026-08-16 06:13:44.719,2026-08-16 06:24:26.503,US,Low
-166.628,53.087,19.9,"M 2.6 - 87 km S of Unalaska, Alaska","87 km S of Unalaska, Alaska",104,2.6,ml,2026-08-16 06:12:32.895,2026-08-17 18:07:02.534,US,Moderate
-118.8403320312,37.4503326416,1.9099999666,"M 2.5 - 19 km SW of Toms Place, CA","19 km SW of Toms Place, CA",93,2.46,md,2026-08-16 06:01:27.090,2026-08-16 08:52:23.040,US,Low
-118.843,37.4556666667,5.93,"M 1.3 - 19 km SW of Toms Place, CA","19 km SW of Toms Place, CA",24,1.25,md,2026-08-16 05:55:20.580,2026-08-20 00:32:23.370,US,Low
-122.8038330078,38.8339996338,1.6000000238,"M 1.0 - 7 km W of Cobb, CA","7 km W of Cobb, CA",14,0.96,md,2026-08-16 05:53:58.610,2026-08-16 06:47:27.225,US,Low
-97.62616667,34.46333333,5.0,"M 1.1 - 4 km E of Velma, Oklahoma","4 km E of Velma, Oklahoma",18,1.09,ml,2026-08-16 05:52:28.219,2026-08-17 18:33:24.453,US,Low
-122.8016662598,38.8336677551,1.8400000334,"M 1.5 - 7 km W of Cobb, CA","7 km W of Cobb, CA",34,1.48,md,2026-08-16 05:50:18.660,2026-08-16 07:17:25.415,US,Low
-154.963,58.2796666667,2.72,"M 1.1 - 84 km NNW of Karluk, Alaska","84 km NNW of Karluk, Alaska",20,1.13,ml,2026-08-16 05:44:19.570,2026-08-17 21:34:36.230,US,Low
-149.7336,56.2014,10.0,"M 2.8 - 220 km SE of Chiniak, Alaska","220 km SE of Chiniak, Alaska",121,2.8,ml,2026-08-16 05:39:46.467,2026-08-19 08:50:32.040,US,Moderate
-150.042,61.367,38.2,"M 2.5 - 3 km WNW of Point MacKenzie, Alaska","3 km WNW of Point MacKenzie, Alaska",97,2.5,ml,2026-08-16 05:30:06.220,2026-08-17 18:44:38.249,US,Low
-104.094,31.611,7.5867,"M 1.7 - 43 km NW of Toyah, Texas","43 km NW of Toyah, Texas",44,1.7,ml,2026-08-16 05:23:27.493,2026-08-17 15:08:06.416,US,Low
-118.8386666667,37.4525,6.55,"M 0.8 - 19 km SW of Toms Place, CA","19 km SW of Toms Place, CA",9,0.76,md,2026-08-16 05:13:14.850,2026-08-19 20:09:26.368,US,Low
-66.7431666667,18.0283333333,13.64,"M 1.9 - 2 km ENE of Magas Arriba, Puerto Rico","2 km ENE of Magas Arriba, Puerto Rico",56,1.91,md,2026-08-16 05:07:49.360,2026-08-16 10:09:22.160,PR,Low
-115.855,33.0341666667,8.2,"M 0.8 - 22 km W of Westmorland, CA","22 km W of Westmorland, CA",10,0.82,ml,2026-08-16 05:07:07.880,2026-08-16 19:05:28.369,US,Low
-174.345,52.1298333333,8.07,"M 0.8 - 12 km SW of Atka, Alaska","12 km SW of Atka, Alaska",11,0.83,ml,2026-08-16 05:06:37.960,2026-08-17 20:12:03.200,US,Low
-116.6615,33.4498333333,3.46,"M 0.6 - 12 km S of Anza, CA","12 km S of Anza, CA",5,0.56,ml,2026-08-16 04:54:15.870,2026-08-18 19:23:24.998,US,Low
-104.492,31.672,6.0999,"M 2.6 - 56 km S of Whites City, New Mexico","56 km S of Whites City, New Mexico",104,2.6,ml,2026-08-16 04:50:32.165,2026-08-17 18:45:17.710,US,Moderate
-101.913,32.387,6.2256,"M 0.3 - 24 km SW of Ackerly, Texas","24 km SW of Ackerly, Texas",1,0.3,ml,2026-08-16 04:46:25.159,2026-08-17 13:06:53.765,US,Low
-110.7645,43.5327,5.765,"M 2.6 - 5 km N of Jackson, Wyoming","5 km N of Jackson, Wyoming",123,2.6,ml,2026-08-16 04:34:05.414,2026-08-18 00:04:20.204,US,Moderate
-153.0131666667,59.94,11.09,"M -0.2 - 63 km ENE of Pedro Bay, Alaska","63 km ENE of Pedro Bay, Alaska",0,-0.16,ml,2026-08-16 04:28:51.910,2026-08-17 20:02:02.560,US,Low
-122.8181686401,38.8318328857,-0.7200000286,"M 0.8 - 8 km NW of The Geysers, CA","8 km NW of The Geysers, CA",9,0.76,md,2026-08-16 04:14:43.720,2026-08-16 06:22:24.062,US,Low
-153.264,59.97,131.3,"M 2.2 - 51 km ENE of Pedro Bay, Alaska","51 km ENE of Pedro Bay, Alaska",74,2.2,ml,2026-08-16 04:04:09.798,2026-08-17 17:34:28.227,US,Low
-122.7119979858,38.7608337402,1.0299999714,"M 0.8 - 2 km SW of Anderson Springs, CA","2 km SW of Anderson Springs, CA",10,0.82,md,2026-08-16 04:01:49.320,2026-08-16 05:52:21.853,US,Low
-104.175,31.705,6.8176,"M 2.0 - 54 km W of Mentone, Texas","54 km W of Mentone, Texas",62,2.0,ml,2026-08-16 03:55:40.903,2026-08-17 07:49:06.779,US,Low
-123.2730026245,39.3183326721,5.5300002098,"M 1.6 - 8 km NW of Redwood Valley, CA","8 km NW of Redwood Valley, CA",37,1.55,md,2026-08-16 03:51:32.240,2026-08-16 05:27:22.687,US,Low
9.9725,44.1198,10.0,"M 4.1 - 1 km NE of Sarzana, Italy","1 km NE of Sarzana, Italy",268,4.1,mb,2026-08-16 03:49:25.874,2026-08-17 19:02:55.409,IT,Moderate
121.5082,-8.4615,10.0,"M 5.0 - 45 km NNW of Ende, Indonesia","45 km NNW of Ende, Indonesia",385,5.0,mb,2026-08-16 03:42:59.885,2026-08-16 03:58:33.040,ID,Moderate
-104.169,31.711,7.8943,"M 1.8 - 54 km W of Mentone, Texas","54 km W of Mentone, Texas",50,1.8,ml,2026-08-16 03:29:32.282,2026-08-17 08:16:29.017,US,Low
-116.5395,32.2546666667,9.51,"M 1.5 - 36 km E of Primo Tapia, B.C., MX","36 km E of Primo Tapia, B.C., MX",36,1.52,ml,2026-08-16 03:26:41.180,2026-08-16 18:26:11.137,MX,Low
-117.4431666667,34.282,11.69,"M 0.7 - 6 km ENE of Lytle Creek, CA","6 km ENE of Lytle Creek, CA",7,0.67,ml,2026-08-16 03:21:23.700,2026-08-16 14:12:08.402,US,Low
167.1934,-14.5474,188.148,"M 6.1 - 56 km NNE of Port-Olry, Vanuatu","56 km NNE of Port-Olry, Vanuatu",573,6.1,mww,2026-08-16 03:20:24.373,2026-08-17 03:27:20.479,VU,High
-100.982,32.225,8.9355,"M 1.8 - 14 km SSE of Westbrook, Texas","14 km SSE of Westbrook, Texas",50,1.8,ml,2026-08-16 03:18:32.889,2026-08-17 08:27:38.608,US,Low
-166.6525,53.899,6.88,"M 0.4 - 7 km W of Dutch Harbor, Alaska","7 km W of Dutch Harbor, Alaska",2,0.35,ml,2026-08-16 03:15:44.110,2026-08-17 19:24:59.700,US,Low
-161.483,54.316,7.7,"M 2.6 - 98 km SSE of King Cove, Alaska","98 km SSE of King Cove, Alaska",104,2.6,ml,2026-08-16 03:12:49.804,2026-08-17 17:30:21.043,US,Moderate
-112.2903333333,45.7048333333,1.3,"M 0.9 - 18 km N of Twin Bridges, Montana","18 km N of Twin Bridges, Montana",12,0.9,ml,2026-08-16 03:08:54.390,2026-08-17 22:19:14.210,US,Low
-163.168,54.012,19.5,"M 2.5 - 95 km S of False Pass, Alaska","95 km S of False Pass, Alaska",96,2.5,ml,2026-08-16 03:07:23.582,2026-08-16 05:28:25.900,US,Low
-116.7461666667,33.2885,12.12,"M 1.0 - 5 km NNE of Lake Henshaw, CA","5 km NNE of Lake Henshaw, CA",16,1.01,ml,2026-08-16 03:06:18.560,2026-08-16 14:13:26.290,US,Low
-174.148,51.782,93.0,"M 3.0 - 46 km S of Atka, Alaska","46 km S of Atka, Alaska",138,3.0,ml,2026-08-16 02:57:47.518,2026-08-17 17:28:36.582,US,Moderate
-148.737,65.049,9.4,"M 1.5 - 30 km ESE of Minto, Alaska","30 km ESE of Minto, Alaska",35,1.5,ml,2026-08-16 02:47:57.561,2026-08-17 17:25:43.963,US,Low
-150.613,62.127,9.3,"M 1.7 - 28 km SW of Trapper Creek, Alaska","28 km SW of Trapper Creek, Alaska",44,1.7,ml,2026-08-16 02:38:31.620,2026-08-17 17:25:11.695,US,Low
-117.8376666667,36.0681666667,2.79,"M 0.9 - 10 km ENE of Coso Junction, CA","10 km ENE of Coso Junction, CA",13,0.91,ml,2026-08-16 02:34:13.590,2026-08-16 14:12:25.887,US,Low
-116.5175,33.1606666667,5.81,"M 0.5 - 12 km NE of Julian, CA","12 km NE of Julian, CA",4,0.53,ml,2026-08-16 02:33:23.660,2026-08-16 14:12:29.914,US,Low
-141.59,60.589,10.8,"M 1.4 - 118 km SE of McCarthy, Alaska","118 km SE of McCarthy, Alaska",30,1.4,ml,2026-08-16 02:25:48.874,2026-08-17 17:23:41.820,US,Low
-121.1660003662,36.547164917,1.4099999666,"M 2.1 - 3 km NW of Pinnacles, CA","3 km NW of Pinnacles, CA",65,2.05,md,2026-08-16 02:18:23.470,2026-08-16 04:32:21.341,US,Low
-155.2703333333,19.3275,30.4,"M 1.3 - 13 km SSW of Volcano, Hawaii","13 km SSW of Volcano, Hawaii",26,1.31,ml,2026-08-16 02:15:42.620,2026-08-17 00:26:22.840,US,Low
-122.8066635132,38.8308334351,2.0699999332,"M 1.0 - 7 km W of Cobb, CA","7 km W of Cobb, CA",17,1.04,md,2026-08-16 02:10:01.770,2026-08-16 02:47:25.601,US,Low
-117.8415,36.0661666667,2.48,"M 1.8 - 10 km ENE of Coso Junction, CA","10 km ENE of Coso Junction, CA",47,1.75,ml,2026-08-16 01:56:15.630,2026-08-16 14:12:49.032,US,Low
-66.9438333333,17.9698333333,11.19,"M 2.7 - 3 km SW of Fuig, Puerto Rico","3 km SW of Fuig, Puerto Rico",110,2.68,md,2026-08-16 01:54:06.020,2026-08-16 02:07:21.990,PR,Moderate
-117.8426666667,36.0663333333,2.49,"M 1.2 - 10 km ENE of Coso Junction, CA","10 km ENE of Coso Junction, CA",22,1.2,ml,2026-08-16 01:53:00.830,2026-08-16 14:13:00.480,US,Low
-156.687,57.822,150.5,"M 2.0 - 54 km NE of Ugashik, Alaska","54 km NE of Ugashik, Alaska",62,2.0,ml,2026-08-16 01:51:36.286,2026-08-17 17:22:23.068,US,Low
-178.8461666667,51.7631666667,1.7,"M 0.3 - 153 km W of Adak, Alaska","153 km W of Adak, Alaska",1,0.28,ml,2026-08-16 01:51:21.830,2026-08-17 18:44:28.770,US,Low
-178.6441666667,51.7933333333,16.45,"M 0.9 - 138 km W of Adak, Alaska","138 km W of Adak, Alaska",11,0.85,ml,2026-08-16 01:49:42.040,2026-08-17 17:50:55.150,US,Low
-119.5381666667,34.6633333333,2.27,"M 1.4 - 27 km NNE of Montecito, CA","27 km NNE of Montecito, CA",31,1.42,ml,2026-08-16 01:44:50.710,2026-08-16 14:13:17.317,US,Low
-66.9413333333,17.953,13.55,"M 2.9 - 4 km WSW of Guánica, Puerto Rico","4 km WSW of Guánica, Puerto Rico",125,2.85,md,2026-08-16 01:38:45.770,2026-08-16 02:03:36.890,PR,Moderate
-110.3785,39.5766666667,-3.41,"M 1.5 - 2 km NNE of Sunnyside, Utah","2 km NNE of Sunnyside, Utah",35,1.5,md,2026-08-16 01:34:01.700,2026-08-17 15:41:42.990,US,Low
-176.42,51.372,18.4,"M 3.4 - 57 km SSE of Adak, Alaska","57 km SSE of Adak, Alaska",178,3.4,ml,2026-08-16 01:32:01.068,2026-08-17 17:21:05.558,US,Moderate
-178.8586666667,51.798,20.35,"M 0.5 - 153 km W of Adak, Alaska","153 km W of Adak, Alaska",4,0.51,ml,2026-08-16 01:16:17.990,2026-08-17 17:41:55.630,US,Low
-178.1343333333,51.3865,19.2,"M 1.7 - 117 km WSW of Adak, Alaska","117 km WSW of Adak, Alaska",44,1.7,ml,2026-08-16 01:15:15.160,2026-08-17 17:36:25.300,US,Low
-153.1283333333,59.9465,18.35,"M -0.1 - 57 km ENE of Pedro Bay, Alaska","57 km ENE of Pedro Bay, Alaska",0,-0.05,ml,2026-08-16 01:06:25.100,2026-08-17 17:20:54.450,US,Low
-122.1903333333,46.1998333333,1.08,"M 1.4 - 37 km NNE of Amboy, Washington","37 km NNE of Amboy, Washington",31,1.42,md,2026-08-16 00:47:46.830,2026-08-17 17:34:00.470,US,Low
-155.3531666667,19.4298333333,7.98,"M 3.0 - 12 km W of Volcano, Hawaii","12 km W of Volcano, Hawaii",142,3.01,ml,2026-08-16 00:32:06.750,2026-08-17 00:37:10.854,US,Moderate
-163.814,53.619,23.6,"M 2.6 - 139 km S of False Pass, Alaska","139 km S of False Pass, Alaska",104,2.6,ml,2026-08-16 00:27:33.136,2026-08-17 17:19:44.047,US,Moderate
-122.16,46.1961666667,6.6,"M 0.1 - 38 km NE of Amboy, Washington","38 km NE of Amboy, Washington",0,0.14,md,2026-08-16 00:21:42.320,2026-08-17 17:21:29.860,US,Low
-149.482,62.166,8.9,"M 1.5 - 19 km E of Susitna North, Alaska","19 km E of Susitna North, Alaska",35,1.5,ml,2026-08-16 00:20:14.880,2026-08-17 17:18:05.843,US,Low
-73.0936,6.8902,146.651,"M 4.2 - 11 km SSW of Piedecuesta, Colombia","11 km SSW of Piedecuesta, Colombia",271,4.2,mb,2026-08-16 00:18:16.411,2026-08-16 03:27:35.040,CO,Moderate
-116.4083333333,33.0313333333,8.65,"M 1.0 - 19 km ESE of Julian, CA","19 km ESE of Julian, CA",14,0.96,ml,2026-08-16 00:16:04.770,2026-08-16 14:30:12.050,US,Low
-117.5385,35.74,6.65,"M 1.4 - 13 km WSW of Searles Valley, CA","13 km WSW of Searles Valley, CA",31,1.43,ml,2026-08-16 00:00:21.620,2026-08-16 14:13:49.169,US,Low
-173.847,50.681,20.0,"M 2.7 - 170 km S of Atka, Alaska","170 km S of Atka, Alaska",112,2.7,ml,2026-08-15 23:56:55.535,2026-08-17 06:13:45.777,US,Moderate
-104.088,31.606,6.6766,"M 1.8 - 42 km NW of Toyah, Texas","42 km NW of Toyah, Texas",50,1.8,ml,2026-08-15 23:49:12.124,2026-08-17 15:39:03.797,US,Low
-154.748,56.952,5.0,"M 1.9 - 35 km W of Akhiok, Alaska","35 km W of Akhiok, Alaska",56,1.9,ml,2026-08-15 23:27:08.147,2026-08-17 06:40:34.333,US,Low
-98.976,28.843,7.5577,"M 2.2 - 12 km ESE of Pearsall, Texas","12 km ESE of Pearsall, Texas",74,2.2,ml,2026-08-15 23:24:41.038,2026-08-17 15:18:08.789,US,Low
-116.0755,33.2481666667,11.06,"M 0.8 - 12 km WSW of Salton City, CA","12 km WSW of Salton City, CA",10,0.8,ml,2026-08-15 23:16:58.670,2026-08-17 21:53:10.889,US,Low
-117.8465,36.0688333333,4.6,"M 0.4 - 10 km ENE of Coso Junction, CA","10 km ENE of Coso Junction, CA",3,0.42,ml,2026-08-15 23:15:13.870,2026-08-17 15:44:58.275,US,Low
-122.780166626,38.8035011292,3.2100000381,"M 1.1 - 4 km NW of The Geysers, CA","4 km NW of The Geysers, CA",20,1.14,md,2026-08-15 23:14:51.470,2026-08-16 00:17:26.616,US,Low
120.5156,-7.8894,10.0,"M 5.0 - 80 km N of Ruteng, Indonesia","80 km N of Ruteng, Indonesia",385,5.0,mb,2026-08-15 23:12:54.664,2026-08-15 23:35:15.040,ID,Moderate
-114.45,47.019,13.28,"M 0.8 - 2 km NE of Alberton, Montana","2 km NE of Alberton, Montana",9,0.76,ml,2026-08-15 23:04:22.430,2026-08-17 22:05:42.260,US,Low
-122.7816696167,38.8343315125,1.8899999857,"M 1.2 - 5 km WNW of Cobb, CA","5 km WNW of Cobb, CA",21,1.18,md,2026-08-15 23:00:02.630,2026-08-15 23:52:19.481,US,Low
176.285,51.839,20.0,"M 3.4 - 239 km ESE of Attu Station, Alaska","239 km ESE of Attu Station, Alaska",178,3.4,ml,2026-08-15 22:54:20.424,2026-08-17 09:13:14.277,RU,Moderate
138.224,9.6571,10.0,"M 5.4 - 19 km NE of Colonia, Micronesia","19 km NE of Colonia, Micronesia",452,5.4,mww,2026-08-15 22:52:55.761,2026-08-17 19:09:39.940,FM,Moderate
-90.984,13.189,10.0,"M 4.4 - 83 km SSW of Puerto San José, Guatemala","83 km SSW of Puerto San José, Guatemala",298,4.4,mb,2026-08-15 22:45:24.028,2026-08-16 03:10:08.040,GT,Moderate
-150.272,60.964,49.0,"M 3.4 - 23 km E of Point Possession, Alaska","23 km E of Point Possession, Alaska",179,3.4,ml,2026-08-15 22:41:30.803,2026-08-17 18:32:11.286,US,Moderate
-97.61816667,34.45016667,6.35,"M 1.2 - 5 km ESE of Velma, Oklahoma","5 km ESE of Velma, Oklahoma",21,1.17,ml,2026-08-15 22:39:30.910,2026-08-17 18:46:20.200,US,Low
-102.008,31.806,2.8564,"M 0.3 - 22 km SSE of Midland, Texas","22 km SSE of Midland, Texas",1,0.3,ml,2026-08-15 22:37:57.352,2026-08-17 21:17:44.618,US,Low
-155.275,19.3421666667,30.64,"M 3.7 - 11 km SSW of Volcano, Hawaii","11 km SSW of Volcano, Hawaii",236,3.73,ml,2026-08-15 22:32:05.830,2026-08-17 19:09:10.477,US,Moderate
-122.1816666667,46.204,5.5,"M 0.4 - 38 km NNE of Amboy, Washington","38 km NNE of Amboy, Washington",2,0.39,mh,2026-08-15 22:26:12.410,2026-08-18 20:38:13.460,US,Low
-117.8421666667,36.0666666667,2.88,"M 1.2 - 10 km ENE of Coso Junction, CA","10 km ENE of Coso Junction, CA",21,1.16,ml,2026-08-15 22:24:14.730,2026-08-16 14:15:20.355,US,Low
-121.8848333333,46.8615,8.01,"M 0.3 - 15 km NE of Ashford, Washington","15 km NE of Ashford, Washington",1,0.28,ml,2026-08-15 22:23:56.980,2026-08-18 20:31:27.000,US,Low
-121.8876666667,46.859,8.1,"M -0.3 - 15 km NE of Ashford, Washington","15 km NE of Ashford, Washington",0,-0.31,md,2026-08-15 22:16:27.660,2026-08-16 18:12:44.380,US,Low
-98.965,28.828,7.256,"M 1.9 - 14 km ESE of Pearsall, Texas","14 km ESE of Pearsall, Texas",56,1.9,ml,2026-08-15 22:12:46.222,2026-08-17 15:25:50.116,US,Low
126.0929,5.173,93.165,"M 4.4 - 74 km ESE of Sarangani, Philippines","74 km ESE of Sarangani, Philippines",298,4.4,mb,2026-08-15 22:10:03.063,2026-08-16 02:44:02.040,PH,Moderate
-116.8685,33.2966666667,10.8,"M 1.4 - 7 km S of Palomar Observatory, CA","7 km S of Palomar Observatory, CA",30,1.39,ml,2026-08-15 22:07:31.610,2026-08-16 14:16:36.690,US,Low
-139.475,60.445,5.3,"M 1.5 - 101 km N of Yakutat, Alaska","101 km N of Yakutat, Alaska",35,1.5,ml,2026-08-15 21:58:36.220,2026-08-17 09:03:18.867,CA,Low
-150.583,61.979,4.5,"M 1.6 - 38 km NW of Willow, Alaska","38 km NW of Willow, Alaska",39,1.6,ml,2026-08-15 21:42:02.099,2026-08-17 09:01:49.754,US,Low
-97.61366667,34.44466667,4.74,"M 1.6 - 5 km ESE of Velma, Oklahoma","5 km ESE of Velma, Oklahoma",38,1.58,ml,2026-08-15 21:36:48.350,2026-08-17 18:57:19.426,US,Low
-116.7346666667,33.2343333333,11.95,"M 0.5 - 3 km ESE of Lake Henshaw, CA","3 km ESE of Lake Henshaw, CA",4,0.51,ml,2026-08-15 21:36:12.530,2026-08-18 19:09:55.667,US,Low
-116.792,33.7395,16.24,"M 1.6 - 7 km W of Idyllwild, CA","7 km W of Idyllwild, CA",37,1.55,ml,2026-08-15 21:35:33.510,2026-08-16 14:29:40.141,US,Low
-122.8091659546,38.7949981689,3.6900000572,"M 0.8 - 5 km WNW of The Geysers, CA","5 km WNW of The Geysers, CA",11,0.83,md,2026-08-15 21:28:48.880,2026-08-15 21:30:24.200,US,Low
-166.899,53.012,22.6,"M 2.5 - 98 km SSW of Unalaska, Alaska","98 km SSW of Unalaska, Alaska",96,2.5,ml,2026-08-15 21:24:33.068,2026-08-17 08:59:55.822,US,Low
-116.0288333333,33.1838333333,5.13,"M 0.9 - 11 km ENE of Ocotillo Wells, CA","11 km ENE of Ocotillo Wells, CA",13,0.93,ml,2026-08-15 21:23:51.730,2026-08-17 18:14:59.540,US,Low
-140.158,60.985,5.1,"M 1.5 - 156 km ESE of McCarthy, Alaska","156 km ESE of McCarthy, Alaska",35,1.5,ml,2026-08-15 21:22:55.814,2026-08-17 08:54:47.992,CA,Low
120.5111,-7.8284,10.0,"M 4.7 - 86 km N of Ruteng, Indonesia","86 km N of Ruteng, Indonesia",340,4.7,mb,2026-08-15 21:08:32.582,2026-08-16 00:32:45.040,ID,Moderate
-176.158,52.0838333333,5.14,"M -0.1 - 40 km NE of Adak, Alaska","40 km NE of Adak, Alaska",0,-0.05,ml,2026-08-15 21:05:28.430,2026-08-16 22:46:01.980,US,Low
-103.638,31.317,5.7153,"M 1.4 - 11 km WSW of Lindsay, Texas","11 km WSW of Lindsay, Texas",30,1.4,ml,2026-08-15 21:05:21.335,2026-08-17 16:45:12.036,US,Low
-97.88933333,35.11083333,8.62,"M 0.4 - 5 km S of Amber, Oklahoma","5 km S of Amber, Oklahoma",2,0.39,ml,2026-08-15 21:05:13.619,2026-08-17 19:55:51.167,US,Low
-122.7898330688,38.8178329468,2.5199999809,"M 2.1 - 5 km NNW of The Geysers, CA","5 km NNW of The Geysers, CA",70,2.13,md,2026-08-15 20:41:56.040,2026-08-16 01:12:19.980,US,Low
-122.7591629028,38.7943344116,1.1399999857,"M 1.1 - 2 km N of The Geysers, CA","2 km N of The Geysers, CA",19,1.1,md,2026-08-15 20:39:28.280,2026-08-16 00:57:22.874,US,Low
-116.7375,33.289,13.26,"M 0.5 - 6 km NNE of Lake Henshaw, CA","6 km NNE of Lake Henshaw, CA",4,0.51,ml,2026-08-15 20:30:05.720,2026-08-16 14:23:55.382,US,Low
120.4927,-8.0349,10.0,"M 4.5 - 63 km N of Ruteng, Indonesia","63 km N of Ruteng, Indonesia",312,4.5,mb,2026-08-15 20:29:44.571,2026-08-15 21:06:00.040,ID,Moderate
-150.697,63.559,5.0,"M 2.2 - 51 km E of Denali National Park, Alaska","51 km E of Denali National Park, Alaska",74,2.2,ml,2026-08-15 20:26:45.206,2026-08-17 08:52:03.685,US,Low
-112.8891666667,38.5185,2.29,"M 1.5 - 17 km NE of Milford, Utah","17 km NE of Milford, Utah",36,1.53,md,2026-08-15 20:16:21.580,2026-08-17 15:57:00.280,US,Low
-116.5211666667,33.1573333333,6.07,"M 0.7 - 12 km NE of Julian, CA","12 km NE of Julian, CA",7,0.69,ml,2026-08-15 20:14:56.620,2026-08-16 14:23:59.464,US,Low
-116.3656666667,33.3813333333,7.71,"M 0.6 - 14 km N of Borrego Springs, CA","14 km N of Borrego Springs, CA",5,0.55,ml,2026-08-15 20:06:30.560,2026-08-16 14:29:49.462,US,Low
-104.531,31.715,3.7415,"M 1.8 - 53 km SSW of Whites City, New Mexico","53 km SSW of Whites City, New Mexico",50,1.8,ml,2026-08-15 20:01:54.779,2026-08-17 15:31:09.150,US,Low
-100.689,32.764,5.3467,"M 1.0 - 15 km NNE of Hermleigh, Texas","15 km NNE of Hermleigh, Texas",15,1.0,ml,2026-08-15 20:01:26.339,2026-08-18 15:10:05.337,US,Low
-170.009,52.967,148.0,"M 3.1 - 77 km W of Nikolski, Alaska","77 km W of Nikolski, Alaska",148,3.1,ml,2026-08-15 20:00:42.286,2026-08-17 08:47:57.844,US,Moderate
-70.8181,-28.2225,86.361,"M 4.2 - 39 km N of Vallenar, Chile","39 km N of Vallenar, Chile",271,4.2,mb,2026-08-15 19:57:51.472,2026-08-15 20:57:41.309,CL,Moderate
-100.687,32.762,6.8115,"M 1.1 - 15 km NNE of Hermleigh, Texas","15 km NNE of Hermleigh, Texas",19,1.1,ml,2026-08-15 19:54:22.081,2026-08-18 15:26:37.703,US,Low
-111.5718333333,45.6526666667,1.58,"M 1.7 - 17 km ESE of Harrison, Montana","17 km ESE of Harrison, Montana",42,1.66,ml,2026-08-15 19:49:01.130,2026-08-17 15:27:47.940,US,Low
-166.0011666667,54.1386666667,10.33,"M 0.3 - 14 km W of Akutan, Alaska","14 km W of Akutan, Alaska",1,0.31,ml,2026-08-15 19:43:15.080,2026-08-16 22:40:31.600,US,Low
-101.917,32.386,6.8848,"M 0.5 - 24 km SW of Ackerly, Texas","24 km SW of Ackerly, Texas",4,0.5,ml,2026-08-15 19:37:13.593,2026-08-18 15:18:37.608,US,Low
-121.6613311768,37.2916679382,5.1199998856,"M 1.8 - 16 km E of Seven Trees, CA","16 km E of Seven Trees, CA",48,1.76,md,2026-08-15 19:35:11.260,2026-08-15 21:07:23.347,US,Low
-101.916,32.376,8.374,"M 0.6 - 25 km SW of Ackerly, Texas","25 km SW of Ackerly, Texas",6,0.6,ml,2026-08-15 19:34:24.411,2026-08-18 15:07:06.013,US,Low
142.7868,23.4461,39.954,"M 5.5 - Volcano Islands, Japan region","Volcano Islands, Japan region",465,5.5,mww,2026-08-15 19:32:30.371,2026-08-16 19:35:59.459,MP,Moderate
-153.169,59.766,128.7,"M 2.1 - 52 km E of Pedro Bay, Alaska","52 km E of Pedro Bay, Alaska",68,2.1,ml,2026-08-15 19:30:15.503,2026-08-17 06:58:11.536,US,Low
-122.7186660767,38.7116661072,1.7599999905,"M 1.5 - 7 km SSW of Anderson Springs, CA","7 km SSW of Anderson Springs, CA",32,1.45,md,2026-08-15 19:17:30.300,2026-08-15 23:07:20.178,US,Low
120.2771,-8.2108,10.0,"M 4.2 - 48 km NNW of Ruteng, Indonesia","48 km NNW of Ruteng, Indonesia",271,4.2,mb,2026-08-15 19:15:53.197,2026-08-15 19:55:44.040,ID,Moderate
-65.347,19.182,8.06,"M 3.4 - 97 km N of Culebra, Puerto Rico","97 km N of Culebra, Puerto Rico",181,3.43,md,2026-08-15 19:04:57.720,2026-08-15 19:37:52.520,PR,Moderate
-92.9401,14.0581,10.0,"M 4.2 - 92 km SW of Puerto Madero, Mexico","92 km SW of Puerto Madero, Mexico",271,4.2,mb,2026-08-15 19:04:43.241,2026-08-15 19:21:17.040,MX,Moderate
-176.23,51.144,15.4,"M 2.0 - 85 km SSE of Adak, Alaska","85 km SSE of Adak, Alaska",62,2.0,ml,2026-08-15 19:04:43.084,2026-08-17 06:50:27.957,US,Low
-122.8231658936,38.8208351135,2.2400000095,"M 0.8 - 8 km NW of The Geysers, CA","8 km NW of The Geysers, CA",9,0.77,md,2026-08-15 19:04:34.550,2026-08-15 19:06:08.945,US,Low
-122.7731704712,38.8106651306,1.3999999762,"M 1.3 - 4 km NNW of The Geysers, CA","4 km NNW of The Geysers, CA",27,1.33,md,2026-08-15 19:04:13.590,2026-08-15 22:12:22.795,US,Low
-122.139831543,37.7526664734,4.5700001717,"M 1.2 - 3 km NNE of San Leandro, CA","3 km NNE of San Leandro, CA",22,1.19,md,2026-08-15 18:43:41.370,2026-08-15 20:37:22.137,US,Low
120.5418,-8.2027,10.0,"M 4.4 - 45 km N of Ruteng, Indonesia","45 km N of Ruteng, Indonesia",298,4.4,mb,2026-08-15 18:43:05.132,2026-08-15 19:36:22.040,ID,Moderate
178.77,51.415,39.4,"M 2.8 - Rat Islands, Aleutian Islands, Alaska","Rat Islands, Aleutian Islands, Alaska",121,2.8,ml,2026-08-15 18:42:55.293,2026-08-17 06:49:08.252,RU,Moderate
120.6399,-8.2203,10.0,"M 4.5 - 47 km NNE of Ruteng, Indonesia","47 km NNE of Ruteng, Indonesia",312,4.5,mb,2026-08-15 18:40:21.369,2026-08-15 19:28:08.040,ID,Moderate
-177.9268333333,51.8653333333,6.29,"M 0.8 - 89 km W of Adak, Alaska","89 km W of Adak, Alaska",9,0.75,ml,2026-08-15 18:34:45.400,2026-08-16 22:28:31.880,US,Low
-116.0713333333,33.2568333333,4.98,"M 0.7 - 12 km WSW of Salton City, CA","12 km WSW of Salton City, CA",6,0.65,ml,2026-08-15 18:30:25.500,2026-08-17 22:31:08.921,US,Low
-97.883,35.10566667,7.64,"M 0.3 - 6 km S of Amber, Oklahoma","6 km S of Amber, Oklahoma",1,0.29,ml,2026-08-15 18:29:19.640,2026-08-17 19:58:55.796,US,Low
-101.997,31.669,3.1982,"M 2.5 - 37 km SSE of Midland, Texas","37 km SSE of Midland, Texas",96,2.5,ml,2026-08-15 18:19:49.601,2026-08-17 16:59:06.457,US,Low
-122.0783309937,37.6451683044,3.8800001144,"M 1.7 - 0 km NW of Hayward, CA","0 km NW of Hayward, CA",42,1.66,md,2026-08-15 18:11:49.420,2026-08-15 19:17:24.585,US,Low
-140.601,61.483,5.0,"M 2.4 - 123 km E of McCarthy, Alaska","123 km E of McCarthy, Alaska",89,2.4,ml,2026-08-15 18:02:49.186,2026-08-17 06:48:15.875,CA,Low
-140.595,61.49,5.6,"M 1.8 - 124 km E of McCarthy, Alaska","124 km E of McCarthy, Alaska",50,1.8,ml,2026-08-15 18:00:19.766,2026-08-17 06:46:09.355,CA,Low
120.6775,-7.7671,10.0,"M 4.7 - 96 km NNE of Ruteng, Indonesia","96 km NNE of Ruteng, Indonesia",340,4.7,mb,2026-08-15 17:51:27.384,2026-08-15 18:27:11.040,ID,Moderate
120.4122,-7.9256,10.0,"M 4.7 - 76 km N of Ruteng, Indonesia","76 km N of Ruteng, Indonesia",340,4.7,mb,2026-08-15 17:44:14.375,2026-08-15 18:18:48.040,ID,Moderate
-117.6975,33.8828333333,4.55,"M 1.2 - 11 km E of Yorba Linda, CA","11 km E of Yorba Linda, CA",23,1.23,ml,2026-08-15 17:43:52.820,2026-08-18 22:13:52.387,US,Low
159.9696,51.4925,10.0,"M 4.6 - 192 km SSE of Vilyuchinsk, Russia","192 km SSE of Vilyuchinsk, Russia",326,4.6,mb,2026-08-15 17:41:42.009,2026-08-15 18:05:30.040,RU,Moderate
-117.392,34.1965,13.21,"M 1.2 - 3 km SSE of Devore, CA","3 km SSE of Devore, CA",23,1.22,ml,2026-08-15 17:21:49.870,2026-08-18 20:48:26.726,US,Low
121.4952,-8.3799,10.0,"M 4.5 - 54 km NNW of Ende, Indonesia","54 km NNW of Ende, Indonesia",312,4.5,mb,2026-08-15 17:21:07.767,2026-08-15 17:53:13.040,ID,Moderate
-104.118,31.63,6.3947,"M 1.8 - 46 km NW of Toyah, Texas","46 km NW of Toyah, Texas",50,1.8,ml,2026-08-15 17:20:51.445,2026-08-17 15:14:27.129,US,Low
-101.961,32.101,9.4971,"M 0.9 - 15 km NE of Midland, Texas","15 km NE of Midland, Texas",12,0.9,ml,2026-08-15 17:14:56.691,2026-08-17 22:24:39.281,US,Low
-148.639,56.671,28.1,"M 2.8 - 244 km ESE of Chiniak, Alaska","244 km ESE of Chiniak, Alaska",121,2.8,ml,2026-08-15 17:14:50.134,2026-08-17 06:11:43.202,US,Moderate
-156.4026666667,19.521,36.3,"M 3.4 - 44 km WSW of Kailua-Kona, Hawaii","44 km WSW of Kailua-Kona, Hawaii",181,3.42,ml,2026-08-15 17:09:29.280,2026-08-16 17:14:11.263,US,Moderate
-163.782,52.914,20.0,"M 2.9 - 189 km SE of Akutan, Alaska","189 km SE of Akutan, Alaska",129,2.9,ml,2026-08-15 17:02:55.940,2026-08-17 06:08:23.236,US,Moderate
120.6878,-7.795,9.95,"M 4.5 - 93 km NNE of Ruteng, Indonesia","93 km NNE of Ruteng, Indonesia",312,4.5,mb,2026-08-15 16:58:05.970,2026-08-15 21:54:13.040,ID,Moderate
-151.045,60.363,48.9,"M 2.1 - 12 km ENE of Kasilof, Alaska","12 km ENE of Kasilof, Alaska",68,2.1,ml,2026-08-15 16:55:55.482,2026-08-17 18:53:40.296,US,Low
-152.4338333333,61.1836666667,5.02,"M 0.2 - 71 km W of Tyonek, Alaska","71 km W of Tyonek, Alaska",0,0.17,ml,2026-08-15 16:47:38.970,2026-08-16 22:24:00.550,US,Low
73.9208,38.6186,99.461,"M 4.1 - 49 km N of Murghob, Tajikistan","49 km N of Murghob, Tajikistan",259,4.1,mb,2026-08-15 16:47:26.516,2026-08-15 21:42:12.040,TJ,Moderate
